accounted,aggregation_category,gas,variable_field
0,Agricultural Biomass,co2,emission_co2e_co2_agrc_biomass_bevs_and_spices|emission_co2e_co2_agrc_biomass_fruits|emission_co2e_co2_agrc_biomass_nuts|emission_co2e_co2_agrc_biomass_other_woody_perennial
0,CCSQ,ch4,emission_co2e_ch4_ccsq_direct_air_capture
0,CCSQ,co2,emission_co2e_co2_ccsq_direct_air_capture
0,CCSQ,n2o,emission_co2e_n2o_ccsq_direct_air_capture
0,Drained Organic Soils,co2,emission_co2e_co2_lndu_drained_organic_soils_croplands|emission_co2e_co2_lndu_drained_organic_soils_pastures
0,Forestry - Fires,co2,emission_co2e_co2_frst_forest_fires
0,Forestry - Methane,ch4,emission_co2e_ch4_frst_methane_mangroves|emission_co2e_ch4_frst_methane_primary|emission_co2e_ch4_frst_methane_secondary
0,Fugitive Emissions,co2,emission_co2e_co2_fgtv_fuel_coal|emission_co2e_co2_fgtv_fuel_oil
0,Fugitive Emissions,n2o,emission_co2e_n2o_fgtv_fuel_coal|emission_co2e_n2o_fgtv_fuel_natural_gas|emission_co2e_n2o_fgtv_fuel_oil
0,IPPU,ch4,emission_co2e_ch4_ippu_production_chemicals|emission_co2e_ch4_ippu_production_metals|emission_co2e_ch4_ippu_production_paper|emission_co2e_ch4_ippu_production_plastic
0,IPPU,co2,emission_co2e_co2_ippu_product_use_product_use_lubricants|emission_co2e_co2_ippu_product_use_product_use_other|emission_co2e_co2_ippu_product_use_product_use_paraffin_wax|emission_co2e_co2_ippu_production_chemicals|emission_co2e_co2_ippu_production_paper|emission_co2e_co2_ippu_production_plastic|emission_co2e_co2_ippu_production_product_use_lubricants|emission_co2e_co2_ippu_production_product_use_paraffin_wax
0,IPPU,n2o,emission_co2e_n2o_ippu_production_other_product_manufacturing|emission_co2e_n2o_ippu_production_paper|emission_co2e_n2o_ippu_production_plastic
0,Other Land Use - Conversion,co2,emission_co2e_co2_lndu_conversion_croplands_to_croplands|emission_co2e_co2_lndu_conversion_croplands_to_flooded|emission_co2e_co2_lndu_conversion_croplands_to_forests_mangroves|emission_co2e_co2_lndu_conversion_croplands_to_forests_primary|emission_co2e_co2_lndu_conversion_croplands_to_forests_secondary|emission_co2e_co2_lndu_conversion_croplands_to_grasslands|emission_co2e_co2_lndu_conversion_croplands_to_other|emission_co2e_co2_lndu_conversion_croplands_to_pastures|emission_co2e_co2_lndu_conversion_croplands_to_settlements|emission_co2e_co2_lndu_conversion_croplands_to_shrublands|emission_co2e_co2_lndu_conversion_croplands_to_wetlands|emission_co2e_co2_lndu_conversion_flooded_to_croplands|emission_co2e_co2_lndu_conversion_flooded_to_flooded|emission_co2e_co2_lndu_conversion_flooded_to_forests_mangroves|emission_co2e_co2_lndu_conversion_flooded_to_forests_primary|emission_co2e_co2_lndu_conversion_flooded_to_forests_secondary|emission_co2e_co2_lndu_conversion_flooded_to_grasslands|emission_co2e_co2_lndu_conversion_flooded_to_other|emission_co2e_co2_lndu_conversion_flooded_to_pastures|emission_co2e_co2_lndu_conversion_flooded_to_settlements|emission_co2e_co2_lndu_conversion_flooded_to_shrublands|emission_co2e_co2_lndu_conversion_flooded_to_wetlands|emission_co2e_co2_lndu_conversion_forests_mangroves_to_forests_mangroves|emission_co2e_co2_lndu_conversion_forests_mangroves_to_forests_primary|emission_co2e_co2_lndu_conversion_forests_mangroves_to_forests_secondary|emission_co2e_co2_lndu_conversion_forests_primary_to_forests_mangroves|emission_co2e_co2_lndu_conversion_forests_primary_to_forests_primary|emission_co2e_co2_lndu_conversion_forests_primary_to_forests_secondary|emission_co2e_co2_lndu_conversion_forests_secondary_to_forests_mangroves|emission_co2e_co2_lndu_conversion_forests_secondary_to_forests_primary|emission_co2e_co2_lndu_conversion_forests_secondary_to_forests_secondary|emission_co2e_co2_lndu_conversion_grasslands_to_croplands|emission_co2e_co2_lndu_conversion_grasslands_to_flooded|emission_co2e_co2_lndu_conversion_grasslands_to_forests_mangroves|emission_co2e_co2_lndu_conversion_grasslands_to_forests_primary|emission_co2e_co2_lndu_conversion_grasslands_to_forests_secondary|emission_co2e_co2_lndu_conversion_grasslands_to_grasslands|emission_co2e_co2_lndu_conversion_grasslands_to_other|emission_co2e_co2_lndu_conversion_grasslands_to_pastures|emission_co2e_co2_lndu_conversion_grasslands_to_settlements|emission_co2e_co2_lndu_conversion_grasslands_to_shrublands|emission_co2e_co2_lndu_conversion_grasslands_to_wetlands|emission_co2e_co2_lndu_conversion_other_to_croplands|emission_co2e_co2_lndu_conversion_other_to_flooded|emission_co2e_co2_lndu_conversion_other_to_forests_mangroves|emission_co2e_co2_lndu_conversion_other_to_forests_primary|emission_co2e_co2_lndu_conversion_other_to_forests_secondary|emission_co2e_co2_lndu_conversion_other_to_grasslands|emission_co2e_co2_lndu_conversion_other_to_other|emission_co2e_co2_lndu_conversion_other_to_pastures|emission_co2e_co2_lndu_conversion_other_to_settlements|emission_co2e_co2_lndu_conversion_other_to_shrublands|emission_co2e_co2_lndu_conversion_other_to_wetlands|emission_co2e_co2_lndu_conversion_pastures_to_croplands|emission_co2e_co2_lndu_conversion_pastures_to_flooded|emission_co2e_co2_lndu_conversion_pastures_to_forests_mangroves|emission_co2e_co2_lndu_conversion_pastures_to_forests_primary|emission_co2e_co2_lndu_conversion_pastures_to_forests_secondary|emission_co2e_co2_lndu_conversion_pastures_to_grasslands|emission_co2e_co2_lndu_conversion_pastures_to_other|emission_co2e_co2_lndu_conversion_pastures_to_pastures|emission_co2e_co2_lndu_conversion_pastures_to_settlements|emission_co2e_co2_lndu_conversion_pastures_to_shrublands|emission_co2e_co2_lndu_conversion_pastures_to_wetlands|emission_co2e_co2_lndu_conversion_settlements_to_croplands|emission_co2e_co2_lndu_conversion_settlements_to_flooded|emission_co2e_co2_lndu_conversion_settlements_to_forests_mangroves|emission_co2e_co2_lndu_conversion_settlements_to_forests_primary|emission_co2e_co2_lndu_conversion_settlements_to_forests_secondary|emission_co2e_co2_lndu_conversion_settlements_to_grasslands|emission_co2e_co2_lndu_conversion_settlements_to_other|emission_co2e_co2_lndu_conversion_settlements_to_pastures|emission_co2e_co2_lndu_conversion_settlements_to_settlements|emission_co2e_co2_lndu_conversion_settlements_to_shrublands|emission_co2e_co2_lndu_conversion_settlements_to_wetlands|emission_co2e_co2_lndu_conversion_shrublands_to_croplands|emission_co2e_co2_lndu_conversion_shrublands_to_flooded|emission_co2e_co2_lndu_conversion_shrublands_to_forests_mangroves|emission_co2e_co2_lndu_conversion_shrublands_to_forests_primary|emission_co2e_co2_lndu_conversion_shrublands_to_forests_secondary|emission_co2e_co2_lndu_conversion_shrublands_to_grasslands|emission_co2e_co2_lndu_conversion_shrublands_to_other|emission_co2e_co2_lndu_conversion_shrublands_to_pastures|emission_co2e_co2_lndu_conversion_shrublands_to_settlements|emission_co2e_co2_lndu_conversion_shrublands_to_shrublands|emission_co2e_co2_lndu_conversion_shrublands_to_wetlands|emission_co2e_co2_lndu_conversion_wetlands_to_croplands|emission_co2e_co2_lndu_conversion_wetlands_to_flooded|emission_co2e_co2_lndu_conversion_wetlands_to_forests_mangroves|emission_co2e_co2_lndu_conversion_wetlands_to_forests_primary|emission_co2e_co2_lndu_conversion_wetlands_to_forests_secondary|emission_co2e_co2_lndu_conversion_wetlands_to_grasslands|emission_co2e_co2_lndu_conversion_wetlands_to_other|emission_co2e_co2_lndu_conversion_wetlands_to_pastures|emission_co2e_co2_lndu_conversion_wetlands_to_settlements|emission_co2e_co2_lndu_conversion_wetlands_to_shrublands|emission_co2e_co2_lndu_conversion_wetlands_to_wetlands
0,Other Land Use - Sequestration,co2,emission_co2e_co2_lndu_biomass_sequestration_grasslands|emission_co2e_co2_lndu_biomass_sequestration_other|emission_co2e_co2_lndu_biomass_sequestration_pastures|emission_co2e_co2_lndu_biomass_sequestration_shrublands|emission_co2e_co2_lndu_biomass_sequestration_wetlands
0,Soil Management,co2,emission_co2e_co2_soil_soc_mineral_soils
0,Solid Waste,ch4,emission_co2e_ch4_waso_biogas_food|emission_co2e_ch4_waso_biogas_sludge|emission_co2e_ch4_waso_biogas_yard|emission_co2e_ch4_waso_compost_food|emission_co2e_ch4_waso_compost_sludge|emission_co2e_ch4_waso_compost_yard|emission_co2e_ch4_waso_open_dump_chemical_industrial|emission_co2e_ch4_waso_open_dump_food|emission_co2e_ch4_waso_open_dump_glass|emission_co2e_ch4_waso_open_dump_metal|emission_co2e_ch4_waso_open_dump_nappies|emission_co2e_ch4_waso_open_dump_other|emission_co2e_ch4_waso_open_dump_paper|emission_co2e_ch4_waso_open_dump_plastic|emission_co2e_ch4_waso_open_dump_rubber_leather|emission_co2e_ch4_waso_open_dump_sludge|emission_co2e_ch4_waso_open_dump_textiles|emission_co2e_ch4_waso_open_dump_wood|emission_co2e_ch4_waso_open_dump_yard
0,Solid Waste,n2o,emission_co2e_n2o_waso_compost_food|emission_co2e_n2o_waso_compost_sludge|emission_co2e_n2o_waso_compost_yard
0,Wetlands,ch4,emission_co2e_ch4_lndu_wetlands
