subsector_long,aggregation_category,Subsector,gas,gas_breakdown,variable_field,variables,accounted,sit_units,sit_gas_measure,sit_sheet,sit_sections,sit_subsections,sit_categories,sit_rows,notes,1990,1991,1992,1993,1994,1995,1996,1997,1998,1999,2000,2001,2002,2003,2004,2005,2006,2007,2008,2009,2010,2011,2012,2013,2014,2015,2016,2017,2018,2019,2020,2021
Agriculture,Rice,agrc,ch4,,emission_co2e_ch4_agrc_anaerobicdom_rice,:math:\text{CH}_4 Emissions from Manure Management,1,MMT,ch4,Agriculture,Emissions by Gas (MMTCH4 or MMTN2O),Methane,Rice Cultivation,35,,3.005641549,2.812618697,3.419261945,2.922917469,3.419261945,3.143515014,2.939462285,3.215209216,3.419261945,3.397202191,2.647170538,3.011156487,2.950492162,2.48172238,2.939462285,2.895342776,1.902653824,2.084646799,2.55893152,2.55893152,2.950492162,2.305244344,2.189430633,2.277669651,2.547901643,2.288699528,2.36039373,2.178400755,2.404513239,1.456384991,2.608565968,2.277669651
Agriculture,Agricultural Burning,agrc,ch4,,emission_co2e_ch4_agrc_biomass_burning,:math:\text{CH}_4 Emissions from Biomass Burning,1,MMT,ch4,Agriculture,Emissions by Gas (MMTCH4 or MMTN2O),Methane,Burning of Agricultural Crop Waste ,36,,0.043555414,0.058282724,0.067383842,0.066880951,0.070056814,0.076948846,0.078818949,0.08726418,0.09694707,0.114058162,0.113104279,0.109084272,0.106934243,0.097152326,0.08319736,0.080300445,0.089592226,0.099637227,0.093787335,0.104989366,0.088917141,0.089944774,0.10968793,0.105896687,0.093973961,0.09138487,0.092348474,0.109052866,0.117346415,0.095804895,0.119354457,0.107304069
Agriculture,Agricultural Burning,agrc,n2o,,emission_co2e_n2o_agrc_biomass_burning,:math:\text{N}_2\text{O} Emissions from Biomass Burning,1,MMT,n2o,Agriculture,Emissions by Gas (MMTCH4 or MMTN2O),Nitrous Oxide,Burning of Agricultural Crop Waste ,40,,0.007141473,0.009001978,0.01046043,0.010225113,0.010746983,0.011725919,0.01211506,0.013338149,0.014714401,0.017300676,0.017230973,0.016629967,0.01633742,0.015158899,0.012535966,0.012303596,0.013560564,0.01528267,0.014793582,0.016120434,0.013670468,0.014036781,0.016947572,0.016474649,0.014647785,0.013999003,0.014066103,0.016536271,0.017776422,0.014274891,0.018042133,0.016239825
Agriculture,Agricultural Biomass,agrc,co2,,emission_co2e_co2_agrc_biomass_bevs_and_spices,:math:\text{CO}_2 Emissions from Biomass Carbon Stock Changes,0,,,,,,,-1,,0,0,0,0,0,0,0,0,0,0,0,0,0,0,0,0,0,0,0,0,0,0,0,0,0,0,0,0,0,0,0,0
Agriculture,Agricultural Biomass,agrc,co2,,emission_co2e_co2_agrc_biomass_fruits,:math:\text{CO}_2 Emissions from Biomass Carbon Stock Changes,0,,,,,,,-1,,0,0,0,0,0,0,0,0,0,0,0,0,0,0,0,0,0,0,0,0,0,0,0,0,0,0,0,0,0,0,0,0
Agriculture,Agricultural Biomass,agrc,co2,,emission_co2e_co2_agrc_biomass_nuts,:math:\text{CO}_2 Emissions from Biomass Carbon Stock Changes,0,,,,,,,-1,,0,0,0,0,0,0,0,0,0,0,0,0,0,0,0,0,0,0,0,0,0,0,0,0,0,0,0,0,0,0,0,0
Agriculture,Agricultural Biomass,agrc,co2,,emission_co2e_co2_agrc_biomass_other_woody_perennial,:math:\text{CO}_2 Emissions from Biomass Carbon Stock Changes,0,,,,,,,-1,,0,0,0,0,0,0,0,0,0,0,0,0,0,0,0,0,0,0,0,0,0,0,0,0,0,0,0,0,0,0,0,0
Agriculture,Drained Organic Soils,agrc,co2,,emission_co2e_co2_lndu_drained_organic_soils_croplands|emission_co2e_co2_lndu_drained_organic_soils_pastures,:math:\text{CO}_2 Emissions from Drained Organic Soils,0,,,,,,,-1,,0,0,0,0,0,0,0,0,0,0,0,0,0,0,0,0,0,0,0,0,0,0,0,0,0,0,0,0,0,0,0,0
Agriculture|Soil Management,Crop Residues,agrc,n2o,,emission_co2e_n2o_agrc_crop_residues,:math:\text{N}_2\text{O} Emissions from Crop Residues,1,MT,n2o,Agriculture,Nitrous Oxide Emissions from Agricultural Soil Management (Metric Tons N2O),Direct,Crop Residues,46,,0.567268674,0.421656356,0.481299697,0.435404146,0.427340286,0.365990197,0.502512761,0.463818487,0.327439849,0.405488094,0.334494183,0.36047638,0.384950807,0.417779255,0.411382203,0.387181951,0.350978768,0.472456445,0.454324954,0.460742159,0.492981794,0.472036193,0.601877139,0.676804352,0.790867895,0.572426918,0.545416963,0.616053046,0.596232118,0.392438876,0.515026904,0.523035012
Carbon Capture and Sequestration,CCSQ,ccsq,ch4,,emission_co2e_ch4_ccsq_direct_air_capture,:math:\text{CH}_4 Emissions from CCSQ,0,,,,,2140.636505,265,-1,,0,0,0,0,0,0,0,0,0,0,0,0,0,0,0,0,0,0,0,0,0,0,0,0,0,0,0,0,0,0,0,0
Carbon Capture and Sequestration,CCSQ,ccsq,co2,,emission_co2e_co2_ccsq_direct_air_capture,:math:\text{CO}_2 Emissions from CCSQ,0,,,,,,,-1,,0,0,0,0,0,0,0,0,0,0,0,0,0,0,0,0,0,0,0,0,0,0,0,0,0,0,0,0,0,0,0,0
Carbon Capture and Sequestration,CCSQ,ccsq,n2o,,emission_co2e_n2o_ccsq_direct_air_capture,:math:\text{N}_2\text{O} Emissions from CCSQ,0,,,,,,,-1,,0,0,0,0,0,0,0,0,0,0,0,0,0,0,0,0,0,0,0,0,0,0,0,0,0,0,0,0,0,0,0,0
Energy Technology,Electricity Production,entc,co2,,emission_co2e_co2_entc_generation_pp_biogas|emission_co2e_co2_entc_generation_pp_biomass|emission_co2e_co2_entc_generation_pp_geothermal|emission_co2e_co2_entc_generation_pp_hydropower|emission_co2e_co2_entc_generation_pp_nuclear|emission_co2e_co2_entc_generation_pp_ocean|emission_co2e_co2_entc_generation_pp_solar|emission_co2e_co2_entc_generation_pp_waste_incineration|emission_co2e_co2_entc_generation_pp_wind,NemoMod :math:\text{CO}_2 Emissions from Electricity Generation,1,MMT,co2e,CO2FFC,Emissions (MMTCO2 Eq.),Electric Utilities,Other,28,,0,0,0,0,0,0,0,0,0,0,0,0,0,0,0,0,0,0,0,0,0,0,0,0,0,0,0,0,0,0,0,0
Energy Technology,Electricity Production,entc,co2,,emission_co2e_co2_entc_generation_pp_coal|emission_co2e_co2_entc_generation_pp_coal_ccs,NemoMod :math:\text{CO}_2 Emissions from Electricity Generation,1,MMT,co2e,CO2FFC,Emissions (MMTCO2 Eq.),Electric Utilities,Coal,25,,18.3497501,19.42341891,20.24219489,20.18005723,20.82533587,19.86951012,19.32553497,21.32276984,21.3266366,21.59069562,23.9998866,22.68179184,22.04141935,23.41407442,24.36001742,24.09079904,25.14497871,23.68374553,24.89593821,24.08192308,24.76009965,25.66469414,22.60349952,21.56614205,19.77260367,16.29956026,13.04030755,13.24860717,12.80576558,8.366959739,4.346799441,8.767140267
Energy Technology,Electricity Production,entc,co2,,emission_co2e_co2_entc_generation_pp_gas|emission_co2e_co2_entc_generation_pp_gas_ccs,NemoMod :math:\text{CO}_2 Emissions from Electricity Generation,1,MMT,co2e,CO2FFC,Emissions (MMTCO2 Eq.),Electric Utilities,Natural Gas,27,,15.83016576,14.96560093,14.38478662,13.52471401,15.4586845,17.95337157,14.04252136,15.32601526,17.67517641,17.75255281,16.72925138,13.40959821,17.64928328,12.94087204,13.39332118,15.5607544,10.7773084,12.28993921,12.94323171,12.16023563,14.69290349,15.90785657,17.43306563,14.49526546,14.46064915,18.6487644,18.0287722,15.19308688,16.35036607,18.62711617,19.33426402,17.23347623
Energy Technology,Electricity Production,entc,co2,,emission_co2e_co2_entc_generation_pp_oil,NemoMod :math:\text{CO}_2 Emissions from Electricity Generation,1,MMT,co2e,CO2FFC,Emissions (MMTCO2 Eq.),Electric Utilities,Petroleum,26,,0.180897792,0.038795899,1.189391058,3.801425805,2.526975506,1.90231312,2.047867453,2.513536973,2.492944976,2.110216835,2.187328092,3.433718402,2.035646889,2.946416104,3.446016633,3.430458279,2.135855631,2.363324034,2.239350759,1.715346417,3.258299494,4.90290839,3.167070384,4.961916222,5.240864418,4.407067391,5.185724719,5.026325911,4.763053264,3.673152504,3.86659086,4.402786307
Energy Technology,Electricity Production,entc,co2,,emission_co2e_co2_entc_nbmass_processing_and_refinement_fp_ammonia_production,NemoMod :math:\text{CO}_2 Emissions from Fuel Processing and Refinement,1,MT,co2e,IP,Emissions (MTCO2 Eq.),Carbon Dioxide Emissions,Ammonia Production,11,,6.11848372,6.199141438,6.479280712,5.966936813,6.427645827,6.055010678,6.163277147,5.875872108,5.99508761,5.481765264,4.764037462,3.654103232,3.996107178,3.255297306,3.591722781,3.244324129,3.193927905,3.434106256,3.249900861,3.180329354,3.419343305,3.988084504,3.087175938,3.167049875,3.200563939,3.282395701,4.348256304,4.640168953,5.014769894,5.165855411,5.476635455,4.962120245
Energy Technology,Electricity Production,entc,ch4,,emission_co2e_ch4_entc_generation_pp_biogas|emission_co2e_ch4_entc_generation_pp_biomass|emission_co2e_ch4_entc_generation_pp_coal|emission_co2e_ch4_entc_generation_pp_coal_ccs|emission_co2e_ch4_entc_generation_pp_gas|emission_co2e_ch4_entc_generation_pp_gas_ccs|emission_co2e_ch4_entc_generation_pp_geothermal|emission_co2e_ch4_entc_generation_pp_hydropower|emission_co2e_ch4_entc_generation_pp_nuclear|emission_co2e_ch4_entc_generation_pp_ocean|emission_co2e_ch4_entc_generation_pp_oil|emission_co2e_ch4_entc_generation_pp_solar|emission_co2e_ch4_entc_generation_pp_waste_incineration|emission_co2e_ch4_entc_generation_pp_wind,NemoMod :math:\text{CH}_4 Emissions from Electricity Generation,1,MMT,co2e,Stationary,Emissions (MMTCO2 Eq.),Electric Utilities,CH4,15,,0.013526087,0.013266356,0.014162852,0.015973338,0.016045411,0.016438266,0.014494261,0.0161982,0.017356602,0.017084701,0.017388613,0.016642662,0.017007399,0.016034756,0.017132251,0.018136363,0.014605147,0.015134805,0.01571446,0.014591564,0.017337188,0.019550821,0.017982,0.017696659,0.017395193,0.017802954,0.017167455,0.015668179,0.015902423,0.014853976,0.014183354,0.014862404
Energy Technology,Electricity Production,entc,n2o,,emission_co2e_n2o_entc_generation_pp_biogas|emission_co2e_n2o_entc_generation_pp_biomass|emission_co2e_n2o_entc_generation_pp_coal|emission_co2e_n2o_entc_generation_pp_coal_ccs|emission_co2e_n2o_entc_generation_pp_gas|emission_co2e_n2o_entc_generation_pp_gas_ccs|emission_co2e_n2o_entc_generation_pp_geothermal|emission_co2e_n2o_entc_generation_pp_hydropower|emission_co2e_n2o_entc_generation_pp_nuclear|emission_co2e_n2o_entc_generation_pp_ocean|emission_co2e_n2o_entc_generation_pp_oil|emission_co2e_n2o_entc_generation_pp_solar|emission_co2e_n2o_entc_generation_pp_waste_incineration|emission_co2e_n2o_entc_generation_pp_wind,NemoMod :math:\text{N}_2\text{O} Emissions from Electricity Generation,1,MMT,co2e,Stationary,Emissions (MMTCO2 Eq.),Electric Utilities,N2O,14,,0.084145185,0.087894707,0.092800199,0.096713626,0.098227934,0.094153448,0.090447802,0.100297256,0.101254014,0.101574503,0.111317363,0.106773986,0.102881984,0.108214049,0.113446961,0.113317392,0.113004862,0.107953527,0.113086317,0.10841283,0.114768052,0.121607127,0.106799807,0.104000914,0.096991844,0.083072476,0.070439679,0.069733099,0.06800372,0.048905784,0.03277684,0.050993979
Fugitive Emissions,Fugitive Emissions,fgtv,ch4,,emission_co2e_ch4_fgtv_fuel_coal,:math:\text{CH}_4 Fugitive Emissions|NemoMod :math:\text{CH}_4 Emissions from Fuel Mining and Extraction,1,MT,ch4,Coal,Emissions (MTCO2E),Coal Mining,,23,,0.034563417,0.034183718,0.035149237,0.033999293,0.037568459,0.040345683,0.034943115,0.038458039,0.034888872,0.032035709,0.040009379,0.040303764,0.041251633,0.043699072,0.041283951,0.045140321,0.044631026,0.033918862,0.041693537,0.039677587,0.042792482,0.041926314,0.043080912,0.030481885,0.028259206,0.037305144,0.030350455,0.022549396,0.069931639,0.019363994,0.007344455,0.003254559
Fugitive Emissions,Fugitive Emissions,fgtv,ch4,,emission_co2e_ch4_fgtv_fuel_oil,:math:\text{CH}_4 Fugitive Emissions|NemoMod :math:\text{CH}_4 Emissions from Fuel Mining and Extraction|NemoMod :math:\text{CH}_4 Emissions from Fuel Processing and Refinement,1,MT,ch4,Gas and Oil,Emissions (MMTCO2 Eq.),Oil,,23,,2.533403002,2.517306976,2.478063556,2.511531935,2.353382723,2.514125096,2.826215382,2.895689897,2.92819835,2.711476669,2.431261097,2.431236586,2.203272571,2.186151186,2.115224998,1.915089735,2.014297209,2.105271086,2.060630075,1.809731758,1.748450551,1.782355535,1.564072795,1.710203004,1.499655554,1.32000971,0.940528287,1.112906454,0.904360355,0.817894378,0.667007801,0.633095672
Fugitive Emissions,Fugitive Emissions,fgtv,ch4,,emission_co2e_ch4_fgtv_fuel_natural_gas,:math:\text{CH}_4 Fugitive Emissions|NemoMod :math:\text{CH}_4 Emissions from Fuel Mining and Extraction|NemoMod :math:\text{CH}_4 Emissions from Fuel Processing and Refinement,1,MT,ch4,Gas and Oil,Emissions by Gas (MTCH4),Natural Gas,,19,,5.05521548,4.58801924,4.19196288,4.91295364,4.16159128,4.62986244,5.0834462,4.97144088,6.11509164,5.55606212,5.222448,5.434086,5.683356,5.62984604,6.89115224,6.26099768,5.80267324,6.0306722,6.38563268,6.2683096,14.65527532,14.73393557,14.49853514,14.25098272,14.14210706,14.04827942,13.68849135,13.44561019,12.97616399,12.81234703,12.4253328,12.45775365
Fugitive Emissions,Fugitive Emissions,fgtv,co2,,emission_co2e_co2_fgtv_fuel_natural_gas,:math:\text{CO}_2 Fugitive Emissions|NemoMod :math:\text{CO}_2 Emissions from Fuel Mining and Extraction,1,MMT,co2e,Gas and Oil,Emissions (MMTCO2 Eq.),Natural Gas,,27,,0.026938547,0.030454825,0.031189952,0.032432963,0.034580003,0.034998556,0.034753718,0.0329468,0.029365921,0.026890403,0.02553377,0.023262911,0.022013903,0.020275964,0.019231309,0.018264912,0.017620778,0.017508338,0.01795801,0.017010565,0.015522496,0.015344798,0,0,0,0,0,0,0,0,0,0
Energy Technology|Industrial Energy,Industrial Energy,inen,co2,,emission_co2e_co2_entc_bmass_processing_and_refinement_fp_hydrogen_gasification|emission_co2e_co2_entc_mining_and_extraction_me_coal|emission_co2e_co2_entc_mining_and_extraction_me_crude|emission_co2e_co2_entc_mining_and_extraction_me_natural_gas|emission_co2e_co2_entc_nbmass_processing_and_refinement_fp_hydrogen_electrolysis|emission_co2e_co2_entc_nbmass_processing_and_refinement_fp_hydrogen_gasification|emission_co2e_co2_entc_nbmass_processing_and_refinement_fp_hydrogen_reformation|emission_co2e_co2_entc_nbmass_processing_and_refinement_fp_hydrogen_reformation_ccs|emission_co2e_co2_entc_nbmass_processing_and_refinement_fp_natural_gas|emission_co2e_co2_entc_nbmass_processing_and_refinement_fp_natural_gas_liquefaction|emission_co2e_co2_entc_nbmass_processing_and_refinement_fp_petroleum_refinement|emission_co2e_co2_inen_bmass_agriculture_and_livestock|emission_co2e_co2_inen_bmass_cement|emission_co2e_co2_inen_bmass_chemicals|emission_co2e_co2_inen_bmass_electronics|emission_co2e_co2_inen_bmass_glass|emission_co2e_co2_inen_bmass_lime_and_carbonite|emission_co2e_co2_inen_bmass_metals|emission_co2e_co2_inen_bmass_mining|emission_co2e_co2_inen_bmass_other_product_manufacturing|emission_co2e_co2_inen_bmass_paper|emission_co2e_co2_inen_bmass_plastic|emission_co2e_co2_inen_bmass_recycled_glass|emission_co2e_co2_inen_bmass_recycled_metals|emission_co2e_co2_inen_bmass_recycled_paper|emission_co2e_co2_inen_bmass_recycled_plastic|emission_co2e_co2_inen_bmass_recycled_rubber_and_leather|emission_co2e_co2_inen_bmass_recycled_textiles|emission_co2e_co2_inen_bmass_recycled_wood|emission_co2e_co2_inen_bmass_rubber_and_leather|emission_co2e_co2_inen_bmass_textiles|emission_co2e_co2_inen_bmass_wood|emission_co2e_co2_inen_nbmass_agriculture_and_livestock|emission_co2e_co2_inen_nbmass_cement|emission_co2e_co2_inen_nbmass_chemicals|emission_co2e_co2_inen_nbmass_electronics|emission_co2e_co2_inen_nbmass_glass|emission_co2e_co2_inen_nbmass_lime_and_carbonite|emission_co2e_co2_inen_nbmass_metals|emission_co2e_co2_inen_nbmass_mining|emission_co2e_co2_inen_nbmass_other_product_manufacturing|emission_co2e_co2_inen_nbmass_paper|emission_co2e_co2_inen_nbmass_plastic|emission_co2e_co2_inen_nbmass_recycled_glass|emission_co2e_co2_inen_nbmass_recycled_metals|emission_co2e_co2_inen_nbmass_recycled_paper|emission_co2e_co2_inen_nbmass_recycled_plastic|emission_co2e_co2_inen_nbmass_recycled_rubber_and_leather|emission_co2e_co2_inen_nbmass_recycled_textiles|emission_co2e_co2_inen_nbmass_recycled_wood|emission_co2e_co2_inen_nbmass_rubber_and_leather|emission_co2e_co2_inen_nbmass_textiles|emission_co2e_co2_inen_nbmass_wood,:math:\text{CO}_2 Emissions from Industrial Energy|NemoMod :math:\text{CO}_2 Emissions from Fuel Processing and Refinement,1,MMT,co2e,CO2FFC,Emissions (MMTCO2 Eq.),Industrial,Coal|Natural Gas|Other|Petroleum,15|16|17|18,,108.0424543,105.1736485,111.6530629,113.1747856,115.5841611,115.0850933,119.5325082,126.8487419,112.5866849,111.8299857,118.6388015,105.8318128,109.5708119,108.2407108,115.1109743,108.9212785,118.8091557,115.8847291,112.2148908,104.9142372,111.626352,112.1183515,112.15582,109.3086101,107.1173343,106.7718807,111.8327151,116.6731664,121.0880728,122.6242322,117.3639343,116.7088723
Energy Technology|Industrial Energy,Industrial Energy,inen,ch4,,emission_co2e_ch4_entc_fuel_mining_and_extraction_me_coal|emission_co2e_ch4_entc_fuel_mining_and_extraction_me_crude|emission_co2e_ch4_entc_fuel_mining_and_extraction_me_natural_gas|emission_co2e_ch4_entc_processing_and_refinement_fp_ammonia_production|emission_co2e_ch4_entc_processing_and_refinement_fp_hydrogen_electrolysis|emission_co2e_ch4_entc_processing_and_refinement_fp_hydrogen_gasification|emission_co2e_ch4_entc_processing_and_refinement_fp_hydrogen_reformation|emission_co2e_ch4_entc_processing_and_refinement_fp_hydrogen_reformation_ccs|emission_co2e_ch4_entc_processing_and_refinement_fp_natural_gas|emission_co2e_ch4_entc_processing_and_refinement_fp_natural_gas_liquefaction|emission_co2e_ch4_entc_processing_and_refinement_fp_petroleum_refinement|emission_co2e_ch4_inen_agriculture_and_livestock|emission_co2e_ch4_inen_cement|emission_co2e_ch4_inen_chemicals|emission_co2e_ch4_inen_electronics|emission_co2e_ch4_inen_glass|emission_co2e_ch4_inen_lime_and_carbonite|emission_co2e_ch4_inen_metals|emission_co2e_ch4_inen_mining|emission_co2e_ch4_inen_other_product_manufacturing|emission_co2e_ch4_inen_paper|emission_co2e_ch4_inen_plastic|emission_co2e_ch4_inen_recycled_glass|emission_co2e_ch4_inen_recycled_metals|emission_co2e_ch4_inen_recycled_paper|emission_co2e_ch4_inen_recycled_plastic|emission_co2e_ch4_inen_recycled_rubber_and_leather|emission_co2e_ch4_inen_recycled_textiles|emission_co2e_ch4_inen_recycled_wood|emission_co2e_ch4_inen_rubber_and_leather|emission_co2e_ch4_inen_textiles|emission_co2e_ch4_inen_wood,:math:\text{CH}_4 Emissions from Industrial Energy|NemoMod :math:\text{CH}_4 Emissions from Fuel Processing and Refinement,1,MMT,co2e,Stationary,Emissions (MMTCO2 Eq.),,CH4,12,,0.153684555,0.15102397,0.159611783,0.159980043,0.170925867,0.173320452,0.176275565,0.180897144,0.167756127,0.168871711,0.174702723,0.163376024,0.17000796,0.173574236,0.207972057,0.179501352,0.184671604,0.176013986,0.132442673,0.126482436,0.138498341,0.139153604,0.142365981,0.147696973,0.162074444,0.150989108,0.168858823,0.160573277,0.158756833,0.150754957,0.144677567,0.142072253
Energy Technology|Industrial Energy,Industrial Energy,inen,n2o,,emission_co2e_n2o_entc_fuel_mining_and_extraction_me_coal|emission_co2e_n2o_entc_fuel_mining_and_extraction_me_crude|emission_co2e_n2o_entc_fuel_mining_and_extraction_me_natural_gas|emission_co2e_n2o_entc_processing_and_refinement_fp_ammonia_production|emission_co2e_n2o_entc_processing_and_refinement_fp_hydrogen_electrolysis|emission_co2e_n2o_entc_processing_and_refinement_fp_hydrogen_gasification|emission_co2e_n2o_entc_processing_and_refinement_fp_hydrogen_reformation|emission_co2e_n2o_entc_processing_and_refinement_fp_hydrogen_reformation_ccs|emission_co2e_n2o_entc_processing_and_refinement_fp_natural_gas|emission_co2e_n2o_entc_processing_and_refinement_fp_natural_gas_liquefaction|emission_co2e_n2o_entc_processing_and_refinement_fp_petroleum_refinement|emission_co2e_n2o_inen_agriculture_and_livestock|emission_co2e_n2o_inen_cement|emission_co2e_n2o_inen_chemicals|emission_co2e_n2o_inen_electronics|emission_co2e_n2o_inen_glass|emission_co2e_n2o_inen_lime_and_carbonite|emission_co2e_n2o_inen_metals|emission_co2e_n2o_inen_mining|emission_co2e_n2o_inen_other_product_manufacturing|emission_co2e_n2o_inen_paper|emission_co2e_n2o_inen_plastic|emission_co2e_n2o_inen_recycled_glass|emission_co2e_n2o_inen_recycled_metals|emission_co2e_n2o_inen_recycled_paper|emission_co2e_n2o_inen_recycled_plastic|emission_co2e_n2o_inen_recycled_rubber_and_leather|emission_co2e_n2o_inen_recycled_textiles|emission_co2e_n2o_inen_recycled_wood|emission_co2e_n2o_inen_rubber_and_leather|emission_co2e_n2o_inen_textiles|emission_co2e_n2o_inen_wood,:math:\text{N}_2\text{O} Emissions from Industrial Energy|NemoMod :math:\text{N}_2\text{O} Emissions from Fuel Processing and Refinement,1,MMT,co2e,Stationary,Emissions (MMTCO2 Eq.),,N2O,11,,0.205854068,0.20149104,0.215254446,0.216099894,0.231749224,0.233760842,0.240388919,0.244619849,0.226790433,0.229490703,0.239212546,0.226034044,0.235539736,0.240578227,0.285458157,0.247835484,0.256815934,0.239872244,0.182389559,0.17516016,0.191585213,0.192676143,0.197362982,0.202434994,0.217480473,0.204213483,0.2277977,0.217401127,0.214285018,0.203984175,0.194358551,0.191677102
Forest,Forestry - Harvested Wood Products,frst,co2,,emission_co2e_co2_frst_harvested_wood_products,:math:\text{CO}_2 Emissions from Harvested Wood Products,1,MMT,co2e,Forest Management,Emissions (MMTCO2E),Forest Land Remaining Forest Land,Total wood products and landfills,27,,-10.86061202,-10.86061202,-10.86061202,-10.15508812,-10.15508812,-10.15508812,-10.15508812,-10.15508812,-10.15508812,-10.15508812,-10.15508812,-10.15508812,-10.15508812,-10.15508812,-10.15508812,-10.15508812,-10.15508812,-10.15508812,-10.15508812,-10.15508812,-10.15508812,-10.15508812,-10.15508812,-10.15508812,-10.15508812,-10.15508812,-10.15508812,-10.15508812,-10.15508812,-10.15508812,-10.15508812,-10.15508812
Forest,Forestry - Sequestration,frst,co2,,emission_co2e_co2_frst_sequestration_mangroves|emission_co2e_co2_frst_sequestration_primary|emission_co2e_co2_frst_sequestration_secondary,:math:\text{CO}_2 Emissions from Forest Biomass Sequestration,1,MMT,co2e,Forest Management,Emissions (MMTCO2E),Forest Land Remaining Forest Land,Aboveground Biomass|Belowground Biomass|Deadwood|Litter,20|21|22|23,,-17.58,-17.51,-17.46,-17.39,-17.34,-17.28,-17.22,-17.15,-17.09,-17.51,-17.94,-18.36,-18.79,-19.22,-19.65,-20.06,-20.48,-21.13,-21.77,-22.42,-23.06,-23.71,-24.35,-24.99,-25.64,-25.75,-25.86,-25.97,-26.07,-26.18,-26.28,-26.39
Forest,Forestry - Methane,frst,ch4,,emission_co2e_ch4_frst_methane_mangroves,:math:\text{CH}_4 Emissions from Forests,0,,,,,,,-1,,0,0,0,0,0,0,0,0,0,0,0,0,0,0,0,0,0,0,0,0,0,0,0,0,0,0,0,0,0,0,0,0
Forest,Forestry - Methane,frst,ch4,,emission_co2e_ch4_frst_methane_primary,:math:\text{CH}_4 Emissions from Forests,0,,,,,,,-1,,0,0,0,0,0,0,0,0,0,0,0,0,0,0,0,0,0,0,0,0,0,0,0,0,0,0,0,0,0,0,0,0
Forest,Forestry - Methane,frst,ch4,,emission_co2e_ch4_frst_methane_secondary,:math:\text{CH}_4 Emissions from Forests,0,,,,,,,-1,,0,0,0,0,0,0,0,0,0,0,0,0,0,0,0,0,0,0,0,0,0,0,0,0,0,0,0,0,0,0,0,0
Forest,Forestry - Fires,frst,co2,,emission_co2e_co2_frst_forest_fires,:math:\text{CO}_2 Emissions from Forest Fires,0,,,,,,,-1,,0,0,0,0,0,0,0,0,0,0,0,0,0,0,0,0,0,0,0,0,0,0,0,0,0,0,0,0,0,0,0,0
Fugitive Emissions,Fugitive Emissions,fgtv,co2,,emission_co2e_co2_fgtv_fuel_coal,:math:\text{CO}_2 Fugitive Emissions,0,,,,,,,-1,,0,0,0,0,0,0,0,0,0,0,0,0,0,0,0,0,0,0,0,0,0,0,0,0,0,0,0,0,0,0,0,0
Fugitive Emissions,Fugitive Emissions,fgtv,co2,,emission_co2e_co2_fgtv_fuel_oil,:math:\text{CO}_2 Fugitive Emissions,0,,,,,,,-1,,0,0,0,0,0,0,0,0,0,0,0,0,0,0,0,0,0,0,0,0,0,0,0,0,0,0,0,0,0,0,0,0
Fugitive Emissions,Fugitive Emissions,fgtv,n2o,,emission_co2e_n2o_fgtv_fuel_coal,:math:\text{N}_2\text{O} Fugitive Emissions,0,,,,,,,-1,,0,0,0,0,0,0,0,0,0,0,0,0,0,0,0,0,0,0,0,0,0,0,0,0,0,0,0,0,0,0,0,0
Fugitive Emissions,Fugitive Emissions,fgtv,n2o,,emission_co2e_n2o_fgtv_fuel_natural_gas,:math:\text{N}_2\text{O} Fugitive Emissions,0,,,,,,,-1,,0,0,0,0,0,0,0,0,0,0,0,0,0,0,0,0,0,0,0,0,0,0,0,0,0,0,0,0,0,0,0,0
Fugitive Emissions,Fugitive Emissions,fgtv,n2o,,emission_co2e_n2o_fgtv_fuel_oil,:math:\text{N}_2\text{O} Fugitive Emissions,0,,,,,,,-1,,0,0,0,0,0,0,0,0,0,0,0,0,0,0,0,0,0,0,0,0,0,0,0,0,0,0,0,0,0,0,0,0
IPPU,IPPU,ippu,fcs,c2f6|c2h3f3|c2hf5|c3f8|c3h2f6|c3h3f5|c3hf7|c4f10|c4f6|c4h5f5|c5f12|c5f8|c5h2f10|c6f14|cc4f8|cf4|ch2f2|ch2fchf2|ch3cci2f|ch3ccif2|ch3chf2|ch3f|chf2cf3|chf2chf2|chf3|nf3|sf6|sf6,emission_co2e_c2f6_ippu_product_use_product_use_ods_other|emission_co2e_c2f6_ippu_production_chemicals|emission_co2e_c2f6_ippu_production_electronics|emission_co2e_c2f6_ippu_production_metals|emission_co2e_c2h3f3_ippu_product_use_product_use_ods_refrigeration|emission_co2e_c2h3f3_ippu_production_chemicals|emission_co2e_c2hf5_ippu_product_use_product_use_ods_other|emission_co2e_c2hf5_ippu_product_use_product_use_ods_refrigeration|emission_co2e_c2hf5_ippu_production_chemicals|emission_co2e_c3f8_ippu_production_chemicals|emission_co2e_c3f8_ippu_production_electronics|emission_co2e_c3h2f6_ippu_product_use_product_use_ods_other|emission_co2e_c3h2f6_ippu_product_use_product_use_ods_refrigeration|emission_co2e_c3h3f5_ippu_product_use_product_use_ods_other|emission_co2e_c3h3f5_ippu_product_use_product_use_ods_refrigeration|emission_co2e_c3hf7_ippu_product_use_product_use_ods_other|emission_co2e_c3hf7_ippu_product_use_product_use_ods_refrigeration|emission_co2e_c3hf7_ippu_production_chemicals|emission_co2e_c4f10_ippu_product_use_product_use_ods_other|emission_co2e_c4f10_ippu_production_chemicals|emission_co2e_c4f6_ippu_production_electronics|emission_co2e_c4h5f5_ippu_product_use_product_use_ods_other|emission_co2e_c4h5f5_ippu_production_chemicals|emission_co2e_c5f12_ippu_production_chemicals|emission_co2e_c5f8_ippu_production_electronics|emission_co2e_c5h2f10_ippu_product_use_product_use_ods_other|emission_co2e_c6f14_ippu_product_use_product_use_ods_other|emission_co2e_c6f14_ippu_production_chemicals|emission_co2e_cc4f8_ippu_production_chemicals|emission_co2e_cc4f8_ippu_production_electronics|emission_co2e_cf4_ippu_product_use_product_use_ods_other|emission_co2e_cf4_ippu_production_chemicals|emission_co2e_cf4_ippu_production_electronics|emission_co2e_cf4_ippu_production_metals|emission_co2e_ch2f2_ippu_product_use_product_use_ods_refrigeration|emission_co2e_ch2f2_ippu_production_chemicals|emission_co2e_ch2f2_ippu_production_electronics|emission_co2e_ch2fchf2_ippu_product_use_product_use_ods_other|emission_co2e_ch3cci2f_ippu_product_use_product_use_ods_other|emission_co2e_ch3ccif2_ippu_product_use_product_use_ods_other|emission_co2e_ch3chf2_ippu_product_use_product_use_ods_other|emission_co2e_ch3chf2_ippu_product_use_product_use_ods_refrigeration|emission_co2e_ch3chf2_ippu_production_chemicals|emission_co2e_ch3f_ippu_production_electronics|emission_co2e_chf2cf3_ippu_product_use_product_use_ods_other|emission_co2e_chf2cf3_ippu_product_use_product_use_ods_refrigeration|emission_co2e_chf2cf3_ippu_production_chemicals|emission_co2e_chf2chf2_ippu_product_use_product_use_ods_other|emission_co2e_chf3_ippu_product_use_product_use_ods_other|emission_co2e_chf3_ippu_product_use_product_use_ods_refrigeration|emission_co2e_chf3_ippu_production_chemicals|emission_co2e_chf3_ippu_production_electronics|emission_co2e_nf3_ippu_production_chemicals|emission_co2e_nf3_ippu_production_electronics|emission_co2e_sf6_ippu_production_chemicals|emission_co2e_sf6_ippu_production_electronics|emission_co2e_sf6_ippu_production_metals|emission_co2e_sf6_ippu_production_other_product_manufacturing,:math:\text{NF}_3 Emissions from Industrial Production Processes|:math:\text{SF}_6 Emissions from Industrial Production Processes|Dodecafluoropentane Emissions from Industrial Production Processes|HCFC-141b Emissions from Industrial Product Use|HCFC-142b Emissions from Industrial Product Use|HFC-125 Emissions from Industrial Product Use|HFC-125 Emissions from Industrial Production Processes|HFC-134 Emissions from Industrial Product Use|HFC-134a Emissions from Industrial Product Use|HFC-134a Emissions from Industrial Production Processes|HFC-143 Emissions from Industrial Product Use|HFC-143a Emissions from Industrial Product Use|HFC-143a Emissions from Industrial Production Processes|HFC-152a Emissions from Industrial Product Use|HFC-152a Emissions from Industrial Production Processes|HFC-227ea Emissions from Industrial Product Use|HFC-227ea Emissions from Industrial Production Processes|HFC-23 Emissions from Industrial Product Use|HFC-23 Emissions from Industrial Production Processes|HFC-236fa Emissions from Industrial Product Use|HFC-245fa Emissions from Industrial Product Use|HFC-32 Emissions from Industrial Product Use|HFC-32 Emissions from Industrial Production Processes|HFC-365mfc Emissions from Industrial Product Use|HFC-365mfc Emissions from Industrial Production Processes|HFC-41 Emissions from Industrial Production Processes|HFC-43-10mee Emissions from Industrial Product Use|PFC-1114 Emissions from Industrial Production Processes|PFC-116 Emissions from Industrial Product Use|PFC-116 Emissions from Industrial Production Processes|PFC-14 Emissions from Industrial Product Use|PFC-14 Emissions from Industrial Production Processes|PFC-1418 Emissions from Industrial Production Processes|PFC-218 Emissions from Industrial Production Processes|PFC-31-10 Emissions from Industrial Product Use|PFC-31-10 Emissions from Industrial Production Processes|PFC-318 Emissions from Industrial Production Processes|PFC-51-14 Emissions from Industrial Product Use|PFC-51-14 Emissions from Industrial Production Processes,1,MT,co2e,IP,Emissions (MTCO2 Eq.),"HFC, PFC, SF6 and NF3 Emissions","ODS Substitutes|Semiconductor Manufacturing|Magnesium Production|Electric Power Transmission and Distribution Systems|HCFC-22 Production|Aluminum Production, PFCs",19|20|21|22|23|24,,0.58433555,0.562362191,0.588114736,0.658031631,0.801976233,1.101888819,1.296293121,1.475690942,1.55819099,1.716561143,1.830768466,1.91952418,1.99324194,2.062106889,2.131247788,2.1838955,2.154940598,2.268955389,2.393059374,2.835052233,2.946955892,3.224869318,2.703598458,2.695325446,2.767432447,2.865173631,2.906765493,2.991855951,3.00516267,2.913279072,3.334606896,3.442740778
IPPU,IPPU,ippu,co2,,emission_co2e_co2_ippu_production_cement,:math:\text{CO}_2 Emissions from Industrial Production Processes,1,MT,co2e,IP,Emissions (MTCO2 Eq.),Carbon Dioxide Emissions,Cement Manufacture,5,,0,0,0,0,0,0,0,0,0,0,0,0,0,0,0,0,0,0,0,0,0,0,0,0,0,0,0,0,0,0,0,0
IPPU,IPPU,ippu,co2,,emission_co2e_co2_ippu_production_glass,:math:\text{CO}_2 Emissions from Industrial Production Processes,1,MT,co2e,IP,Emissions (MTCO2 Eq.),Carbon Dioxide Emissions,Soda Ash,8,,0.045814913,0.043809855,0.043463384,0.043363465,0.042916794,0.044324552,0.043338716,0.043640695,0.043788287,0.042647279,0.042047238,0.041591734,0.041708584,0.04054388,0.040370142,0.039809162,0.036534378,0.035813224,0.034485579,0.030484766,0.03218092,0.031347244,0.030819109,0.031063382,0.031271832,0.030084145,0.030776564,0.029291485,0.028760366,0.02777343,0.025853028,0.026851186
IPPU,IPPU,ippu,co2,,emission_co2e_co2_ippu_production_lime_and_carbonite,:math:\text{CO}_2 Emissions from Industrial Production Processes,1,MT,co2e,IP,Emissions (MTCO2 Eq.),Carbon Dioxide Emissions,Lime Manufacture,6,,0.059063736,0,0,0.084888619,0.076384299,0.086407971,0.078683652,0.086428289,0.08704668,0.084155784,0.077987943,0,0,0,0,0,0,0,0,0.119298231,0.138598407,0.113705067,0.115733142,0.121561265,0.126842963,0.120514633,0.125630252,0.121378572,0.12400924,0.13305787,0.125252063,0.133702372
IPPU,IPPU,ippu,co2,,emission_co2e_co2_ippu_production_metals,:math:\text{CO}_2 Emissions from Industrial Production Processes,1,MT,co2e,IP,Emissions (MTCO2 Eq.),Carbon Dioxide Emissions,"Aluminum Production, CO2|Iron & Steel Production",9|10,,0,0,0,0,0,0,0,1.088979071,1.102899322,1.031252931,1.146848212,1.218092648,1.229027302,1.326528055,1.23544895,1.034106643,1.020908511,1.051505307,0.923684006,0.555636453,0.816880817,0.816880817,0.816880817,0.816880817,0.816880817,0.816880817,0.816880817,0.816880817,0.816880817,0.816880817,0.816880817,0.816880817
IPPU,IPPU,ippu,n2o,,emission_co2e_n2o_ippu_production_chemicals,:math:\text{N}_2\text{O} Emissions from Industrial Production Processes,1,MT,co2e,IP,Emissions (MTCO2 Eq.),Carbon Dioxide Emissions,Nitric Acid Production|Adipic Acid Production,15|16,,0,0,0,0,0,0,0,0,0,0,0,0,0,0,0,0,0,0,0,0,0,0,0,0,0,0,0,0,0,0,0,0
IPPU,IPPU,ippu,ch4,,emission_co2e_ch4_ippu_production_chemicals,:math:\text{CH}_4 Emissions from Industrial Production Processes,0,,,,,,,-1,,0,0,0,0,0,0,0,0,0,0,0,0,0,0,0,0,0,0,0,0,0,0,0,0,0,0,0,0,0,0,0,0
IPPU,IPPU,ippu,ch4,,emission_co2e_ch4_ippu_production_metals,:math:\text{CH}_4 Emissions from Industrial Production Processes,0,,,,,,,-1,,0,0,0,0,0,0,0,0,0,0,0,0,0,0,0,0,0,0,0,0,0,0,0,0,0,0,0,0,0,0,0,0
IPPU,IPPU,ippu,ch4,,emission_co2e_ch4_ippu_production_paper,:math:\text{CH}_4 Emissions from Industrial Production Processes,0,,,,,,,-1,,0,0,0,0,0,0,0,0,0,0,0,0,0,0,0,0,0,0,0,0,0,0,0,0,0,0,0,0,0,0,0,0
IPPU,IPPU,ippu,ch4,,emission_co2e_ch4_ippu_production_plastic,:math:\text{CH}_4 Emissions from Industrial Production Processes,0,,,,,,,-1,,0,0,0,0,0,0,0,0,0,0,0,0,0,0,0,0,0,0,0,0,0,0,0,0,0,0,0,0,0,0,0,0
IPPU,IPPU,ippu,co2,,emission_co2e_co2_ippu_product_use_product_use_lubricants,:math:\text{CO}_2 Emissions from Industrial Product Use,0,,,,,,,-1,,0,0,0,0,0,0,0,0,0,0,0,0,0,0,0,0,0,0,0,0,0,0,0,0,0,0,0,0,0,0,0,0
IPPU,IPPU,ippu,co2,,emission_co2e_co2_ippu_product_use_product_use_other,:math:\text{CO}_2 Emissions from Industrial Product Use,0,,,,,,,-1,,0,0,0,0,0,0,0,0,0,0,0,0,0,0,0,0,0,0,0,0,0,0,0,0,0,0,0,0,0,0,0,0
IPPU,IPPU,ippu,co2,,emission_co2e_co2_ippu_product_use_product_use_paraffin_wax,:math:\text{CO}_2 Emissions from Industrial Product Use,0,,,,,,,-1,,0,0,0,0,0,0,0,0,0,0,0,0,0,0,0,0,0,0,0,0,0,0,0,0,0,0,0,0,0,0,0,0
IPPU,IPPU,ippu,co2,,emission_co2e_co2_ippu_production_chemicals,:math:\text{CO}_2 Emissions from Industrial Production Processes,0,,,,,,,-1,,0,0,0,0,0,0,0,0,0,0,0,0,0,0,0,0,0,0,0,0,0,0,0,0,0,0,0,0,0,0,0,0
IPPU,IPPU,ippu,co2,,emission_co2e_co2_ippu_production_paper,:math:\text{CO}_2 Emissions from Industrial Production Processes,0,,,,,,,-1,,0,0,0,0,0,0,0,0,0,0,0,0,0,0,0,0,0,0,0,0,0,0,0,0,0,0,0,0,0,0,0,0
IPPU,IPPU,ippu,co2,,emission_co2e_co2_ippu_production_plastic,:math:\text{CO}_2 Emissions from Industrial Production Processes,0,,,,,,,-1,,0,0,0,0,0,0,0,0,0,0,0,0,0,0,0,0,0,0,0,0,0,0,0,0,0,0,0,0,0,0,0,0
IPPU,IPPU,ippu,co2,,emission_co2e_co2_ippu_production_product_use_lubricants,:math:\text{CO}_2 Emissions from Industrial Production Processes,0,,,,,,,-1,,0,0,0,0,0,0,0,0,0,0,0,0,0,0,0,0,0,0,0,0,0,0,0,0,0,0,0,0,0,0,0,0
IPPU,IPPU,ippu,co2,,emission_co2e_co2_ippu_production_product_use_paraffin_wax,:math:\text{CO}_2 Emissions from Industrial Production Processes,0,,,,,,,-1,,0,0,0,0,0,0,0,0,0,0,0,0,0,0,0,0,0,0,0,0,0,0,0,0,0,0,0,0,0,0,0,0
IPPU,IPPU,ippu,n2o,,emission_co2e_n2o_ippu_production_other_product_manufacturing,:math:\text{N}_2\text{O} Emissions from Industrial Production Processes,0,,,,,,,-1,,0,0,0,0,0,0,0,0,0,0,0,0,0,0,0,0,0,0,0,0,0,0,0,0,0,0,0,0,0,0,0,0
IPPU,IPPU,ippu,n2o,,emission_co2e_n2o_ippu_production_paper,:math:\text{N}_2\text{O} Emissions from Industrial Production Processes,0,,,,,,,-1,,0,0,0,0,0,0,0,0,0,0,0,0,0,0,0,0,0,0,0,0,0,0,0,0,0,0,0,0,0,0,0,0
IPPU,IPPU,ippu,n2o,,emission_co2e_n2o_ippu_production_plastic,:math:\text{N}_2\text{O} Emissions from Industrial Production Processes,0,,,,,,,-1,,0,0,0,0,0,0,0,0,0,0,0,0,0,0,0,0,0,0,0,0,0,0,0,0,0,0,0,0,0,0,0,0
Land Use,Other Land Use - Sequestration,lndu,co2,,emission_co2e_co2_lndu_biomass_sequestration_settlements,:math:\text{CO}_2 Emissions from Land Use Biomass Sequestration,1,MMT,co2e,Forest Management,Emissions (MMTCO2E),Urban Trees,,40,,-1.372182728,-1.397182769,-1.422182811,-1.447182852,-1.472182894,-1.497182935,-1.522182977,-1.547183018,-1.572183059,-1.597183101,-1.622183142,-1.651598666,-1.68101419,-1.710429714,-1.739845238,-1.769260762,-1.798676286,-1.82809181,-1.857507334,-1.886922858,-1.916338382,-1.945753906,-1.97516943,-2.004584954,-2.034000478,-2.063416002,-2.092831526,-2.12224705,-2.151662574,-2.181078098,-1.899995955,-2.127000904
Land Use,Deforestation,lndu,co2,,emission_co2e_co2_lndu_conversion_forests_mangroves_to_croplands|emission_co2e_co2_lndu_conversion_forests_mangroves_to_flooded|emission_co2e_co2_lndu_conversion_forests_mangroves_to_grasslands|emission_co2e_co2_lndu_conversion_forests_mangroves_to_other|emission_co2e_co2_lndu_conversion_forests_mangroves_to_pastures|emission_co2e_co2_lndu_conversion_forests_mangroves_to_settlements|emission_co2e_co2_lndu_conversion_forests_mangroves_to_shrublands|emission_co2e_co2_lndu_conversion_forests_mangroves_to_wetlands|emission_co2e_co2_lndu_conversion_forests_primary_to_croplands|emission_co2e_co2_lndu_conversion_forests_primary_to_flooded|emission_co2e_co2_lndu_conversion_forests_primary_to_grasslands|emission_co2e_co2_lndu_conversion_forests_primary_to_other|emission_co2e_co2_lndu_conversion_forests_primary_to_pastures|emission_co2e_co2_lndu_conversion_forests_primary_to_settlements|emission_co2e_co2_lndu_conversion_forests_primary_to_shrublands|emission_co2e_co2_lndu_conversion_forests_primary_to_wetlands|emission_co2e_co2_lndu_conversion_forests_secondary_to_croplands|emission_co2e_co2_lndu_conversion_forests_secondary_to_flooded|emission_co2e_co2_lndu_conversion_forests_secondary_to_grasslands|emission_co2e_co2_lndu_conversion_forests_secondary_to_other|emission_co2e_co2_lndu_conversion_forests_secondary_to_pastures|emission_co2e_co2_lndu_conversion_forests_secondary_to_settlements|emission_co2e_co2_lndu_conversion_forests_secondary_to_shrublands|emission_co2e_co2_lndu_conversion_forests_secondary_to_wetlands,:math:\text{CO}_2 Emissions from Land Use Conversion,1,MMT,co2e,Forest Management,Emissions (MMTCO2E),Forest Land Converted to Land,Aboveground Biomass|Belowground Biomass|Deadwood|Litter,35|36|37|38,,1.75,1.76,1.76,1.77,1.78,1.79,1.8,1.82,1.82,1.83,1.84,1.88,1.88,1.89,1.9,1.93,1.94,1.96,1.97,1.97,1.98,2,2.01,2.03,2.04,2.05,2.05,2.05,2.05,2.05,2.05,2.05
Land Use,Wetlands,lndu,ch4,,emission_co2e_ch4_lndu_wetlands,:math:\text{CH}_4 Emissions from Wetlands,0,,,,,,,-1,,0,0,0,0,0,0,0,0,0,0,0,0,0,0,0,0,0,0,0,0,0,0,0,0,0,0,0,0,0,0,0,0
Land Use,Other Land Use - Sequestration,lndu,co2,,emission_co2e_co2_lndu_biomass_sequestration_grasslands|emission_co2e_co2_lndu_biomass_sequestration_other|emission_co2e_co2_lndu_biomass_sequestration_pastures|emission_co2e_co2_lndu_biomass_sequestration_shrublands|emission_co2e_co2_lndu_biomass_sequestration_wetlands,:math:\text{CO}_2 Emissions from Land Use Biomass Sequestration,0,,,,,,,-1,,0,0,0,0,0,0,0,0,0,0,0,0,0,0,0,0,0,0,0,0,0,0,0,0,0,0,0,0,0,0,0,0
Land Use,Other Land Use - Conversion,lndu,co2,,emission_co2e_co2_lndu_conversion_croplands_to_croplands|emission_co2e_co2_lndu_conversion_croplands_to_flooded|emission_co2e_co2_lndu_conversion_croplands_to_grasslands|emission_co2e_co2_lndu_conversion_croplands_to_other|emission_co2e_co2_lndu_conversion_croplands_to_pastures|emission_co2e_co2_lndu_conversion_croplands_to_settlements|emission_co2e_co2_lndu_conversion_croplands_to_shrublands|emission_co2e_co2_lndu_conversion_croplands_to_wetlands|emission_co2e_co2_lndu_conversion_flooded_to_croplands|emission_co2e_co2_lndu_conversion_flooded_to_flooded|emission_co2e_co2_lndu_conversion_flooded_to_grasslands|emission_co2e_co2_lndu_conversion_flooded_to_other|emission_co2e_co2_lndu_conversion_flooded_to_pastures|emission_co2e_co2_lndu_conversion_flooded_to_settlements|emission_co2e_co2_lndu_conversion_flooded_to_shrublands|emission_co2e_co2_lndu_conversion_flooded_to_wetlands|emission_co2e_co2_lndu_conversion_forests_mangroves_to_forests_mangroves|emission_co2e_co2_lndu_conversion_forests_mangroves_to_forests_primary|emission_co2e_co2_lndu_conversion_forests_mangroves_to_forests_secondary|emission_co2e_co2_lndu_conversion_forests_primary_to_forests_mangroves|emission_co2e_co2_lndu_conversion_forests_primary_to_forests_primary|emission_co2e_co2_lndu_conversion_forests_primary_to_forests_secondary|emission_co2e_co2_lndu_conversion_forests_secondary_to_forests_mangroves|emission_co2e_co2_lndu_conversion_forests_secondary_to_forests_primary|emission_co2e_co2_lndu_conversion_forests_secondary_to_forests_secondary|emission_co2e_co2_lndu_conversion_grasslands_to_croplands|emission_co2e_co2_lndu_conversion_grasslands_to_flooded|emission_co2e_co2_lndu_conversion_grasslands_to_grasslands|emission_co2e_co2_lndu_conversion_grasslands_to_other|emission_co2e_co2_lndu_conversion_grasslands_to_pastures|emission_co2e_co2_lndu_conversion_grasslands_to_settlements|emission_co2e_co2_lndu_conversion_grasslands_to_shrublands|emission_co2e_co2_lndu_conversion_grasslands_to_wetlands|emission_co2e_co2_lndu_conversion_other_to_croplands|emission_co2e_co2_lndu_conversion_other_to_flooded|emission_co2e_co2_lndu_conversion_other_to_grasslands|emission_co2e_co2_lndu_conversion_other_to_other|emission_co2e_co2_lndu_conversion_other_to_pastures|emission_co2e_co2_lndu_conversion_other_to_settlements|emission_co2e_co2_lndu_conversion_other_to_shrublands|emission_co2e_co2_lndu_conversion_other_to_wetlands|emission_co2e_co2_lndu_conversion_pastures_to_croplands|emission_co2e_co2_lndu_conversion_pastures_to_flooded|emission_co2e_co2_lndu_conversion_pastures_to_grasslands|emission_co2e_co2_lndu_conversion_pastures_to_other|emission_co2e_co2_lndu_conversion_pastures_to_pastures|emission_co2e_co2_lndu_conversion_pastures_to_settlements|emission_co2e_co2_lndu_conversion_pastures_to_shrublands|emission_co2e_co2_lndu_conversion_pastures_to_wetlands|emission_co2e_co2_lndu_conversion_settlements_to_croplands|emission_co2e_co2_lndu_conversion_settlements_to_flooded|emission_co2e_co2_lndu_conversion_settlements_to_grasslands|emission_co2e_co2_lndu_conversion_settlements_to_other|emission_co2e_co2_lndu_conversion_settlements_to_pastures|emission_co2e_co2_lndu_conversion_settlements_to_settlements|emission_co2e_co2_lndu_conversion_settlements_to_shrublands|emission_co2e_co2_lndu_conversion_settlements_to_wetlands|emission_co2e_co2_lndu_conversion_shrublands_to_croplands|emission_co2e_co2_lndu_conversion_shrublands_to_flooded|emission_co2e_co2_lndu_conversion_shrublands_to_grasslands|emission_co2e_co2_lndu_conversion_shrublands_to_other|emission_co2e_co2_lndu_conversion_shrublands_to_pastures|emission_co2e_co2_lndu_conversion_shrublands_to_settlements|emission_co2e_co2_lndu_conversion_shrublands_to_shrublands|emission_co2e_co2_lndu_conversion_shrublands_to_wetlands|emission_co2e_co2_lndu_conversion_wetlands_to_croplands|emission_co2e_co2_lndu_conversion_wetlands_to_flooded|emission_co2e_co2_lndu_conversion_wetlands_to_grasslands|emission_co2e_co2_lndu_conversion_wetlands_to_other|emission_co2e_co2_lndu_conversion_wetlands_to_pastures|emission_co2e_co2_lndu_conversion_wetlands_to_settlements|emission_co2e_co2_lndu_conversion_wetlands_to_shrublands|emission_co2e_co2_lndu_conversion_wetlands_to_wetlands,:math:\text{CO}_2 Emissions from Land Use Conversion,0,,,,,,,-1,Conversions between other non-forest land use types are not considered. It doesn't appear as though (https://www.epa.gov/system/files/documents/2025-01/land-use-change-and-forestry-users-guide.pdf) shrublands are considered a biomass sink.,0,0,0,0,0,0,0,0,0,0,0,0,0,0,0,0,0,0,0,0,0,0,0,0,0,0,0,0,0,0,0,0
Land Use,Other Land Use - Conversion,lndu,co2,,emission_co2e_co2_lndu_conversion_croplands_to_forests_mangroves|emission_co2e_co2_lndu_conversion_croplands_to_forests_primary|emission_co2e_co2_lndu_conversion_croplands_to_forests_secondary|emission_co2e_co2_lndu_conversion_flooded_to_forests_mangroves|emission_co2e_co2_lndu_conversion_flooded_to_forests_primary|emission_co2e_co2_lndu_conversion_flooded_to_forests_secondary|emission_co2e_co2_lndu_conversion_grasslands_to_forests_mangroves|emission_co2e_co2_lndu_conversion_grasslands_to_forests_primary|emission_co2e_co2_lndu_conversion_grasslands_to_forests_secondary|emission_co2e_co2_lndu_conversion_other_to_forests_mangroves|emission_co2e_co2_lndu_conversion_other_to_forests_primary|emission_co2e_co2_lndu_conversion_other_to_forests_secondary|emission_co2e_co2_lndu_conversion_pastures_to_forests_mangroves|emission_co2e_co2_lndu_conversion_pastures_to_forests_primary|emission_co2e_co2_lndu_conversion_pastures_to_forests_secondary|emission_co2e_co2_lndu_conversion_settlements_to_forests_mangroves|emission_co2e_co2_lndu_conversion_settlements_to_forests_primary|emission_co2e_co2_lndu_conversion_settlements_to_forests_secondary|emission_co2e_co2_lndu_conversion_shrublands_to_forests_mangroves|emission_co2e_co2_lndu_conversion_shrublands_to_forests_primary|emission_co2e_co2_lndu_conversion_shrublands_to_forests_secondary|emission_co2e_co2_lndu_conversion_wetlands_to_forests_mangroves|emission_co2e_co2_lndu_conversion_wetlands_to_forests_primary|emission_co2e_co2_lndu_conversion_wetlands_to_forests_secondary,:math:\text{CO}_2 Emissions from Land Use Conversion,0,,,,,,,-1,"NOTE: there are equivalent rows in the Forest Management, but we do not account for conversions TO forest land immediately; those areas are accounted for in the next time step as part of ""forest land remaining forest land"", so they're not comparable",0,0,0,0,0,0,0,0,0,0,0,0,0,0,0,0,0,0,0,0,0,0,0,0,0,0,0,0,0,0,0,0
Livestock,Livestock,lvst,ch4,,emission_co2e_ch4_lvst_entferm_buffalo|emission_co2e_ch4_lvst_entferm_cattle_dairy|emission_co2e_ch4_lvst_entferm_cattle_nondairy|emission_co2e_ch4_lvst_entferm_chickens|emission_co2e_ch4_lvst_entferm_goats|emission_co2e_ch4_lvst_entferm_horses|emission_co2e_ch4_lvst_entferm_mules|emission_co2e_ch4_lvst_entferm_pigs|emission_co2e_ch4_lvst_entferm_sheep,:math:\text{CH}_4 Emissions from Livestock Enteric Fermentation,1,MMT,ch4,Agriculture,Emissions by Gas (MMTCH4 or MMTN2O),Methane,Enteric Fermentation,33,,2.009723609,1.927898463,1.837149891,1.917674877,1.854711975,1.900456754,1.904495355,1.887149581,1.856627993,1.816378041,1.799500103,1.721018322,1.707884028,1.736745462,1.759775074,1.758100954,1.690665275,1.740730012,1.806172561,1.792015842,1.716357622,1.613389645,1.589824101,1.576135525,1.578885755,1.601458198,1.547581329,1.56479229,1.636402137,1.498091596,1.495980603,1.539811251
Livestock Manure Management,Livestock Manure Management,lsmm,ch4,,emission_co2e_ch4_lsmm_anaerobic_digester|emission_co2e_ch4_lsmm_anaerobic_lagoon|emission_co2e_ch4_lsmm_composting|emission_co2e_ch4_lsmm_daily_spread|emission_co2e_ch4_lsmm_deep_bedding|emission_co2e_ch4_lsmm_dry_lot|emission_co2e_ch4_lsmm_incineration|emission_co2e_ch4_lsmm_liquid_slurry|emission_co2e_ch4_lsmm_paddock_pasture_range|emission_co2e_ch4_lsmm_poultry_manure|emission_co2e_ch4_lsmm_storage_solid,,1,MMT,ch4,Agriculture,Emissions by Gas (MMTCH4 or MMTN2O),Methane,Manure Management,34,,0.226594201,0.209485848,0.21014247,0.221456863,0.212875988,0.218783151,0.208779242,0.196793048,0.208318906,0.201749902,0.205171064,0.205727915,0.190298755,0.183650956,0.188892199,0.182514217,0.177493212,0.18302611,0.170455896,0.175511829,0.170714651,0.163961777,0.161603131,0.158997894,0.159714051,0.163956626,0.156215709,0.150944155,0.156072565,0.165949859,0.157256439,0.151107178
Livestock Manure Management,Livestock Manure Management,lsmm,n2o,,emission_co2e_n2o_lsmm_direct_anaerobic_digester|emission_co2e_n2o_lsmm_direct_anaerobic_lagoon|emission_co2e_n2o_lsmm_direct_composting|emission_co2e_n2o_lsmm_direct_daily_spread|emission_co2e_n2o_lsmm_direct_deep_bedding|emission_co2e_n2o_lsmm_direct_dry_lot|emission_co2e_n2o_lsmm_direct_incineration|emission_co2e_n2o_lsmm_direct_liquid_slurry|emission_co2e_n2o_lsmm_direct_paddock_pasture_range|emission_co2e_n2o_lsmm_direct_poultry_manure|emission_co2e_n2o_lsmm_direct_storage_solid|emission_co2e_n2o_lsmm_indirect_anaerobic_digester|emission_co2e_n2o_lsmm_indirect_anaerobic_lagoon|emission_co2e_n2o_lsmm_indirect_composting|emission_co2e_n2o_lsmm_indirect_daily_spread|emission_co2e_n2o_lsmm_indirect_deep_bedding|emission_co2e_n2o_lsmm_indirect_dry_lot|emission_co2e_n2o_lsmm_indirect_incineration|emission_co2e_n2o_lsmm_indirect_liquid_slurry|emission_co2e_n2o_lsmm_indirect_paddock_pasture_range|emission_co2e_n2o_lsmm_indirect_poultry_manure|emission_co2e_n2o_lsmm_indirect_storage_solid,:math:\text{N}_2\text{O} Emissions from Manure Management,1,MMT,n2o,Agriculture,Emissions by Gas (MMTCH4 or MMTN2O),Nitrous Oxide,Manure Management,38,,0.04108663,0.040086112,0.037627429,0.035345297,0.034585412,0.035690833,0.05124965,0.037147802,0.049092975,0.049735935,0.065115038,0.064163444,0.014131589,0.01259082,0.058166507,0.053811492,0.057515022,0.051457199,0.050805705,0.05144433,0.0514685,0.040592654,0.038799768,0.037366715,0.037114245,0.037758292,0.035264122,0.035228494,0.038045667,0.08933881,0.098125267,0.079211555
Soil Management,Soil Management,soil,co2,,emission_co2e_co2_soil_lime_use,:math:\text{CO}_2 Emissions from Lime,1,MMT,co2e,Agriculture,Emissions by Gas (MMTCH4 or MMTN2O),Carbon Dioxide,Liming ,30,,0,0,0,0,0,0,0,0,0,0,0,0,0,0,0,0,0,0,0,0,0,0,0,0,0.016258514,0.037117447,0.036490495,0.040707736,0,0.025356663,0.033722284,0.047991337
Soil Management,Soil Management,soil,co2,,emission_co2e_co2_soil_urea_use,:math:\text{CO}_2 Emissions from Urea,1,MMT,co2e,Agriculture,Emissions by Gas (MMTCH4 or MMTN2O),Carbon Dioxide,Urea Fertilization,31,,0.052510032,0.038566469,0.043823305,0.042844811,0.046750887,0.0429391,0.046384055,0.050065854,0.064201206,0.064310205,0.063556242,0.062888345,0.073696506,0.075509426,0.075203255,0.068732173,0.061218,0.085926332,0.108150391,0.101581143,0.127609889,0.117233651,0.110219949,0.114738035,0.126770191,0.179774186,0.176946909,0.172575367,0.203389302,0.22131322,0.239237138,0.257161057
Soil Management,Soil Management,soil,n2o,,emission_co2e_n2o_soil_fertilizer,:math:\text{N}_2\text{O} Emissions from Fertilizer Use,1,MT,n2o,Agriculture,Nitrous Oxide Emissions from Agricultural Soil Management (Metric Tons N2O),Direct,Fertilizers,45,,1.274669796,1.211642103,1.212015065,1.279229125,1.211270795,1.283419771,1.357812865,1.248063681,1.317575381,1.245491744,1.221213426,1.231309501,1.336028064,1.314240362,1.152232256,1.193832948,1.081092605,1.383970901,1.341503476,1.195745995,1.261367801,1.318272737,1.24093167,1.218573271,1.07034693,1.37265926,1.294918536,1.334383337,1.384496155,1.461126594,1.286604056,0.834954098
Soil Management,Soil Management,soil,n2o,,emission_co2e_n2o_soil_mineral_soils|emission_co2e_n2o_soil_organic_soils|emission_co2e_n2o_soil_paddock_pasture_range,:math:\text{N}_2\text{O} Emissions from Mineral Soils|:math:\text{N}_2\text{O} Emissions from Organic Soils|:math:\text{N}_2\text{O} Emissions from Paddock Pasture and Range,1,MT,n2o,Agriculture,Nitrous Oxide Emissions from Agricultural Soil Management (Metric Tons N2O),Indirect,,51,,0.112245361,0.102156854,0.115906165,0.115661016,0.096796693,0.113141664,0.116127535,0.112357874,0.134106775,0.114546699,0.109009843,0.120798368,0.113436522,0.109874546,0.116368826,0.111484971,0.103801543,0.125899566,0.135790587,0.126271984,0.131238592,0.120753806,0.093611384,0.117345857,0.109391668,0.159893872,0.147550541,0.155178456,0.163210996,0.160813211,0.139683434,0.093074602
Soil Management,Soil Management,soil,co2,,emission_co2e_co2_soil_soc_mineral_soils,:math:\\text{CO}_2 Emissions from Soil Carbon in Mineral Soils,0,,,,,,,-1,,0,0,0,0,0,0,0,0,0,0,0,0,0,0,0,0,0,0,0,0,0,0,0,0,0,0,0,0,0,0,0,0
Solid Waste,Solid Waste,waso,ch4,,emission_co2e_ch4_waso_biogas_food|emission_co2e_ch4_waso_biogas_sludge|emission_co2e_ch4_waso_biogas_yard,:math:\text{CH}_4 Emissions from Anaerobic Biogas,0,,,,,,,-1,,0,0,0,0,0,0,0,0,0,0,0,0,0,0,0,0,0,0,0,0,0,0,0,0,0,0,0,0,0,0,0,0
Solid Waste,Solid Waste,waso,ch4,,emission_co2e_ch4_waso_compost_food|emission_co2e_ch4_waso_compost_sludge|emission_co2e_ch4_waso_compost_yard,:math:\text{CH}_4 Emissions from Composting,0,,,,,,,-1,,0,0,0,0,0,0,0,0,0,0,0,0,0,0,0,0,0,0,0,0,0,0,0,0,0,0,0,0,0,0,0,0
Solid Waste,Solid Waste,waso,ch4,,emission_co2e_ch4_waso_open_dump_chemical_industrial|emission_co2e_ch4_waso_open_dump_food|emission_co2e_ch4_waso_open_dump_glass|emission_co2e_ch4_waso_open_dump_metal|emission_co2e_ch4_waso_open_dump_nappies|emission_co2e_ch4_waso_open_dump_other|emission_co2e_ch4_waso_open_dump_paper|emission_co2e_ch4_waso_open_dump_plastic|emission_co2e_ch4_waso_open_dump_rubber_leather|emission_co2e_ch4_waso_open_dump_sludge|emission_co2e_ch4_waso_open_dump_textiles|emission_co2e_ch4_waso_open_dump_wood|emission_co2e_ch4_waso_open_dump_yard,:math:\text{CH}_4 Emissions from Open Dumping,0,,,,,,,-1,,0,0,0,0,0,0,0,0,0,0,0,0,0,0,0,0,0,0,0,0,0,0,0,0,0,0,0,0,0,0,0,0
Solid Waste,Solid Waste,waso,n2o,,emission_co2e_n2o_waso_compost_food|emission_co2e_n2o_waso_compost_sludge|emission_co2e_n2o_waso_compost_yard,:math:\text{N}_2\text{O} Emissions from Composting,0,,,,,,,-1,,0,0,0,0,0,0,0,0,0,0,0,0,0,0,0,0,0,0,0,0,0,0,0,0,0,0,0,0,0,0,0,0
Solid Waste,Solid Waste,waso,ch4,,emission_co2e_ch4_waso_incineration,:math:\text{CH}_4 Emissions from Incineration,1,MT,co2e,Waste,CO2 and N2O Emissions from Waste Combustion (MTCO2E),CH4,,32,,0,0,0,0.000283193,0,0,0,0,0,0,0,0,0,4.23E-05,9.95E-05,0.000114291,0.000129113,0.000126812,0.000124511,7.81E-05,8.03E-05,8.05E-05,8.07E-05,8.15E-05,8.26E-05,8.38E-05,8.57E-05,8.59E-05,9.35E-05,9.35E-05,9.35E-05,9.35E-05
Solid Waste,Solid Waste,waso,ch4,,emission_co2e_ch4_waso_landfilled_chemical_industrial|emission_co2e_ch4_waso_landfilled_food|emission_co2e_ch4_waso_landfilled_glass|emission_co2e_ch4_waso_landfilled_metal|emission_co2e_ch4_waso_landfilled_nappies|emission_co2e_ch4_waso_landfilled_other|emission_co2e_ch4_waso_landfilled_paper|emission_co2e_ch4_waso_landfilled_plastic|emission_co2e_ch4_waso_landfilled_rubber_leather|emission_co2e_ch4_waso_landfilled_sludge|emission_co2e_ch4_waso_landfilled_textiles|emission_co2e_ch4_waso_landfilled_wood|emission_co2e_ch4_waso_landfilled_yard,:math:\text{CH}_4 Emissions from Landfills,1,MMT,co2e,Waste,CH4 Emissions from Landfills (MTCO2E),Total CH4 Emissions ,,23,,3.199054303,3.286388315,3.354943322,3.419907775,3.116393674,2.980314202,3.130697022,3.197452045,3.260400925,3.169106761,3.267090929,3.594673879,3.557251387,3.222856327,3.208011011,3.13258066,3.212000464,3.404374658,3.639505847,3.807462032,3.435235845,3.359054979,3.353742785,3.590029678,3.514201113,3.526023858,3.646177106,3.468943429,3.28020839,3.171919258,3.206750236,2.998809826
Solid Waste,Solid Waste,waso,co2,,emission_co2e_co2_waso_incineration,:math:\text{CO}_2 Emissions from Incineration,1,MT,co2e,Waste,CO2 and N2O Emissions from Waste Combustion (MTCO2E),CO2,,27,,0,0,0,0.243212677,0,0,0,0,0,0,0,0,0,0.047263653,0.114779543,0.139635238,0.157366362,0.155007464,0.163008773,0.100896557,0.110262082,0.112814221,0.114201428,0.117624367,0.121088724,0.12448597,0.128790189,0.129982822,0.137286976,0.137286976,0.137286976,0.137286976
Solid Waste,Solid Waste,waso,n2o,,emission_co2e_n2o_waso_incineration,:math:\text{N}_2\text{O} Emissions from Incineration,1,MT,co2e,Waste,CO2 and N2O Emissions from Waste Combustion (MTCO2E),N2O,,31,,0,0,0,0.006700539,0,0,0,0,0,0,0,0,0,0.001001376,0.002353474,0.002704195,0.003054917,0.003000474,0.00294603,0.001847622,0.001898905,0.001905864,0.001908284,0.001929312,0.0019545,0.001982562,0.002027945,0.002032105,0.002211368,0.002211368,0.002211368,0.002211368
Stationary Combustion and Other Energy,Stationary Combustion and Other Energy,scoe,co2,,emission_co2e_co2_scoe_bmass_commercial_municipal|emission_co2e_co2_scoe_bmass_other_se|emission_co2e_co2_scoe_nbmass_commercial_municipal|emission_co2e_co2_scoe_nbmass_other_se,:math:\text{CO}_2 Emissions from SCOE,1,MMT,co2e,CO2FFC,Emissions (MMTCO2 Eq.),Commercial,Coal|Natural Gas|Other|Petroleum,10|11|12|13,,1.903947571,1.93391013,1.954326639,1.778093154,1.733754963,1.49517034,1.565901608,1.761669668,1.621153541,1.764900127,2.583435031,1.981217039,1.94218549,2.425798671,2.154339418,2.051382954,1.462743879,2.65986543,1.586018774,2.00258111,1.954255899,1.900438745,1.861566675,1.808446846,1.995008918,2.18196833,2.166292991,2.147080135,2.477302812,2.379338237,2.264674741,2.380489714
Stationary Combustion and Other Energy,Stationary Combustion and Other Energy,scoe,co2,,emission_co2e_co2_scoe_bmass_residential|emission_co2e_co2_scoe_nbmass_residential,:math:\text{CO}_2 Emissions from SCOE,1,MMT,co2e,CO2FFC,Emissions (MMTCO2 Eq.),Residential,Coal|Natural Gas|Other|Petroleum,5|6|7|8,,3.113756221,3.207765522,3.27622104,3.259385433,3.064642977,3.016910023,3.305903057,3.389392949,3.003641103,2.908296529,3.278154097,3.101087869,2.92861432,2.777581224,2.513123521,2.483905946,2.051529025,2.171659918,2.222909179,2.202276826,2.652963149,2.299805203,1.821744577,2.207329776,2.552591354,2.111996715,1.806156105,1.681083472,2.155648734,2.06346003,1.859345292,2.089912512
Stationary Combustion and Other Energy,Stationary Combustion and Other Energy,scoe,ch4,,emission_co2e_ch4_scoe_commercial_municipal|emission_co2e_ch4_scoe_other_se,:math:\text{CH}_4 Emissions from SCOE,1,MMT,co2e,Stationary,Emissions (MMTCO2 Eq.),Commerical,CH4,9,,0.010233937,0.010512425,0.010661178,0.013780649,0.013303052,0.012497347,0.012956179,0.009932759,0.008989526,0.009813605,0.013254293,0.010861437,0.010682333,0.012784846,0.011656688,0.00800612,0.005777003,0.010432668,0.006419793,0.008629415,0.008183153,0.007961835,0.007482729,0.007454444,0.008099029,0.007132847,0.007019259,0.006900067,0.007763988,0.007511608,0.007331636,0.00759894
Stationary Combustion and Other Energy,Stationary Combustion and Other Energy,scoe,ch4,,emission_co2e_ch4_scoe_residential,:math:\text{CH}_4 Emissions from SCOE,1,MMT,co2e,Stationary,Emissions (MMTCO2 Eq.),Residential,CH4,6,,0.051371531,0.053716726,0.05621162,0.073677527,0.069841348,0.069823096,0.072871606,0.039948201,0.035682364,0.036407633,0.039630841,0.036477485,0.03605552,0.037082209,0.037126865,0.018473113,0.016059356,0.017318065,0.018898043,0.024721594,0.027158284,0.025648304,0.021120163,0.027084134,0.028251038,0.011537095,0.008825094,0.007779112,0.010218781,0.009966028,0.008748902,0.009477052
Stationary Combustion and Other Energy,Stationary Combustion and Other Energy,scoe,n2o,,emission_co2e_n2o_scoe_commercial_municipal|emission_co2e_n2o_scoe_other_se,:math:\text{N}_2\text{O} Emissions from SCOE,1,MMT,co2e,Stationary,Emissions (MMTCO2 Eq.),Commercial,N2O,8,,0.002381905,0.002408609,0.002220631,0.002606983,0.002545161,0.00210507,0.002078456,0.001847956,0.001764699,0.002144314,0.003858461,0.002700212,0.002485777,0.003606427,0.003043321,0.002351496,0.001307913,0.0038156,0.001546524,0.002465764,0.002056366,0.002041637,0.001893433,0.001583338,0.001759409,0.002058989,0.002137842,0.002150231,0.002264497,0.002238105,0.00228946,0.002284387
Stationary Combustion and Other Energy,Stationary Combustion and Other Energy,scoe,n2o,,emission_co2e_n2o_scoe_residential,:math:\text{N}_2\text{O} Emissions from SCOE,1,MMT,co2e,Stationary,Emissions (MMTCO2 Eq.),Residential,N2O,5,,0.007202565,0.007527304,0.00793485,0.010004018,0.009491675,0.009446694,0.009947292,0.005879878,0.005425499,0.005733105,0.006297913,0.005822225,0.005371847,0.005393969,0.005335107,0.003037663,0.002685725,0.002719343,0.003000187,0.003793894,0.004107481,0.003852687,0.003106844,0.003919665,0.004149717,0.001948338,0.001552942,0.001407256,0.001780334,0.001759831,0.001585445,0.001720017
Transportation,Transportation,trns,co2,,emission_co2e_co2_trns_aviation|emission_co2e_co2_trns_human_powered|emission_co2e_co2_trns_powered_bikes|emission_co2e_co2_trns_public|emission_co2e_co2_trns_rail_freight|emission_co2e_co2_trns_rail_passenger|emission_co2e_co2_trns_road_heavy_freight|emission_co2e_co2_trns_road_heavy_regional|emission_co2e_co2_trns_road_light|emission_co2e_co2_trns_water_borne,:math:\text{CO}_2 Emissions from Transportation,1,MMT,co2e,CO2FFC,Emissions (MMTCO2 Eq.),Transportation|International Bunker Fuels,Coal|Petroluem|Natural Gas|Other,20|21|22|23|30,,48.91168585,51.4460631,51.55336203,51.36738804,53.98813656,54.01127089,59.3218294,56.68043345,55.4796214,55.33584064,61.29739419,53.66525101,54.9829301,55.00559031,53.77354321,51.05646486,54.99093366,50.5452292,47.43819303,46.71958846,42.24984155,43.2722431,39.13525082,38.04423398,36.14686698,36.83876693,38.2170685,41.29588976,38.12075818,40.51274476,39.2344033,44.88963425
Transportation,Transportation,trns,ch4,,emission_co2e_ch4_trns_aviation,:math:\text{CH}_4 Emissions from Transportation,1,MT,co2e,Mobile Combustion,CH4 Emissions from Mobile Sources (MTCO2E),Non-Highway,aircraft,73,,0.008846441,0.010657317,0.009001063,0.009536712,0.010995194,0.009585749,0.009590173,0.01017434,0.009454569,0.011171792,0.011571458,0.012960739,0.012089024,0.012557987,0.011466093,0.009177863,0.007644556,0.007093435,0.006538655,0.005452385,0.001967306,0.002040035,0.002100941,0.001864062,0.001764376,0.001766094,0.001681312,0.001732775,0.001768527,0.001831539,0.001225425,0.001341488
Transportation,Transportation,trns,ch4,,emission_co2e_ch4_trns_powered_bikes,:math:\text{CH}_4 Emissions from Transportation,1,MT,co2e,Mobile Combustion,CH4 Emissions from Mobile Sources (MTCO2E),Gasoline Highway,Motorcycles,62,,0.0003864,0.00035329,0.000344588,0.000369934,0.000380541,0.000405335,0.000358515,0.000337714,0.000336177,0.000361617,0.000341104,0.000294775,0.000296439,0.000293444,0.000300657,0.000301663,0.000292973,0.000200796,0.00017161,0.000229782,0.000188136,0.000179128,0.000180464,0.000153597,0.000130864,0.000109579,9.92E-05,8.72E-05,7.54E-05,0.000105808,8.99E-05,0.000199714
Transportation,Transportation,trns,ch4,,emission_co2e_ch4_trns_rail_freight|emission_co2e_ch4_trns_rail_passenger,:math:\text{CH}_4 Emissions from Transportation,1,MT,co2e,Mobile Combustion,CH4 Emissions from Mobile Sources (MTCO2E),Non-Highway,Locomotives,70,,0.001545269,0.001794443,0.001135685,0.00092117,0.000766215,0.000446096,0.000594869,0.000439814,0.00051001,0.000674199,0.001109083,0.00153123,0.00130588,0.001349098,0.001159283,0.000894944,0.001455854,0.001496795,0.000896671,0.000577902,0.000876801,0.001177376,0.000772622,0.000922597,0.001130955,0.001407806,0.001064313,0.000547722,0.000627752,0.00080538,0.000285986,0.000285986
Transportation,Transportation,trns,ch4,,emission_co2e_ch4_trns_public|emission_co2e_ch4_trns_road_heavy_freight|emission_co2e_ch4_trns_road_heavy_regional,:math:\text{CH}_4 Emissions from Transportation,1,MT,co2e,Mobile Combustion,CH4 Emissions from Mobile Sources (MTCO2E),Gasoline Highway|Diesel Highway|Alternative Fuel Vehicles,Heavy-Duty Vehicles|Heavy-Duty Buses|Heavy Duty Vehicles|Buses,61|66|67|77|78,,0.00664653,0.00640454,0.005689614,0.005815379,0.005903296,0.005809567,0.005345758,0.004870217,0.004515616,0.004172912,0.003457407,0.002724614,0.002686234,0.002578811,0.002436188,0.002246819,0.001028345,0.001197638,0.001284454,0.001627864,0.001578589,0.001584281,0.001626599,0.001699368,0.001776554,0.001746334,0.002410043,0.002391052,0.00247452,0.002587568,0.002044373,0.002650189
Transportation,Transportation,trns,ch4,,emission_co2e_ch4_trns_road_light,:math:\text{CH}_4 Emissions from Transportation,1,MT,co2e,Mobile Combustion,CH4 Emissions from Mobile Sources (MTCO2E),Gasoline Highway|Diesel Highway|Alternative Fuel Vehicles,Passenger Cars|Light-Duty Trucks|Light-Duty Vehicles,59|60|64|65|76,,0.097975129,0.085822775,0.080492178,0.082961034,0.081354008,0.079968901,0.074758506,0.071388409,0.06930463,0.059053685,0.0532222,0.048823677,0.045994714,0.042638794,0.038829414,0.035682834,0.035598639,0.030497324,0.028173903,0.025220725,0.024188015,0.023708031,0.02115702,0.019354107,0.017487535,0.015691713,0.014557436,0.013262036,0.012342915,0.013419798,0.012039482,0.012416383
Transportation,Transportation,trns,ch4,,emission_co2e_ch4_trns_water_borne,:math:\text{CH}_4 Emissions from Transportation,1,MT,co2e,Mobile Combustion,CH4 Emissions from Mobile Sources (MTCO2E),Non-Highway,boats,69,,0.084341428,0.096023521,0.111238407,0.108503452,0.099214585,0.098031045,0.119734937,0.107574854,0.116813416,0.112549714,0.116260502,0.056263013,0.052451296,0.057860833,0.0525243,0.04535655,0.052734211,0.05504064,0.057675953,0.060503255,0.057618987,0.061779873,0.058820528,0.054924217,0.038206859,0.037773834,0.037620463,0.07222421,0.027777948,0.022454543,0.033157096,0.041653142
Transportation,Transportation,trns,n2o,,emission_co2e_n2o_trns_aviation,:math:\text{N}_2\text{O} Emissions from Transportation,1,MT,co2e,Mobile Combustion,N2O Emissions from Mobile Sources (MTCO2E),Non-Highway,aircraft,101,,0.086606562,0.107643565,0.09016099,0.084218841,0.1078419,0.096521492,0.097104582,0.101943708,0.095896902,0.113775248,0.11839049,0.115493319,0.125982355,0.127517539,0.11982994,0.094491647,0.07781158,0.074936842,0.065156928,0.053785755,0.013555182,0.013633076,0.013939003,0.012342881,0.013309149,0.013416989,0.012762173,0.013054533,0.013175978,0.014128936,0.008337774,0.009511202
Transportation,Transportation,trns,n2o,,emission_co2e_n2o_trns_powered_bikes,:math:\text{N}_2\text{O} Emissions from Transportation,1,MT,co2e,Mobile Combustion,CH4 Emissions from Mobile Sources (MTCO2E),Gasoline Highway,Motorcycles,90,,0.000355243,0.000324802,0.000316802,0.000340104,0.000349856,0.00037265,0.000334138,0.000317842,0.00031846,0.000339907,0.000321945,0.000279118,0.000281698,0.000279642,0.000287197,0.000288756,0.000279837,0.000191945,0.000164076,0.00021995,0.000180216,0.000171553,0.000172817,0.000147079,0.000125313,0.000104939,9.50E-05,8.35E-05,7.23E-05,0.000101185,8.60E-05,0.000189327
Transportation,Transportation,trns,n2o,,emission_co2e_n2o_trns_rail_freight|emission_co2e_n2o_trns_rail_passenger,:math:\text{N}_2\text{O} Emissions from Transportation,1,MT,co2e,Mobile Combustion,N2O Emissions from Mobile Sources (MTCO2E),Non-Highway,Locomotives,98,,0.004679957,0.005434598,0.003439502,0.00278983,0.002320538,0.001351033,0.001801604,0.001332009,0.0015446,0.002041858,0.003358937,0.004637439,0.00395495,0.004085839,0.003510972,0.002710402,0.004409159,0.004533151,0.002715631,0.001750218,0.002655454,0.003565768,0.00233994,0.00279415,0.003425177,0.004263642,0.003223349,0.001658816,0.001901192,0.00243915,0.000866128,0.000866128
Transportation,Transportation,trns,n2o,,emission_co2e_n2o_trns_public|emission_co2e_n2o_trns_road_heavy_freight|emission_co2e_n2o_trns_road_heavy_regional,:math:\text{N}_2\text{O} Emissions from Transportation,1,MT,co2e,Mobile Combustion,N2O Emissions from Mobile Sources (MTCO2E),Gasoline Highway|Diesel Highway|Alternative Fuel Vehicles,Heavy-Duty Vehicles|Heavy-Duty Buses|Heavy Duty Vehicles|Buses,89|94|95|105|106,,0.013130119,0.013933129,0.013635964,0.015172525,0.016499397,0.017171646,0.017562521,0.018866779,0.020523734,0.021250874,0.021143015,0.018181084,0.019969423,0.020795234,0.020201113,0.018743226,0.008623411,0.012644849,0.014900484,0.021501253,0.022818933,0.024111851,0.027125381,0.031224975,0.034575799,0.036876695,0.040656806,0.041661412,0.04569574,0.048505909,0.054234363,0.058933366
Transportation,Transportation,trns,n2o,,emission_co2e_n2o_trns_road_light,:math:\text{N}_2\text{O} Emissions from Transportation,1,MT,co2e,Mobile Combustion,N2O Emissions from Mobile Sources (MTCO2E),Gasoline Highway|Diesel Highway|Alternative Fuel Vehicles,Passenger Cars|Light-Duty Trucks|Light-Duty Vehicles,87|88|92|93|104,,0.582228521,0.552221264,0.556745183,0.611388281,0.635574657,0.660623737,0.651649273,0.656746636,0.669494878,0.631967013,0.595856424,0.559774171,0.547634049,0.523246211,0.475511997,0.435852529,0.435220743,0.370618618,0.340540441,0.293200822,0.279189662,0.269895394,0.236339403,0.210560349,0.183553889,0.15697343,0.13767564,0.116806038,0.097581667,0.108475709,0.093522267,0.083824941
Transportation,Transportation,trns,n2o,,emission_co2e_n2o_trns_water_borne,:math:\text{N}_2\text{O} Emissions from Transportation,1,MT,co2e,Mobile Combustion,N2O Emissions from Mobile Sources (MTCO2E),Non-Highway,boats,97,,0.09000536,0.10216757,0.119655053,0.111929176,0.100154496,0.096732917,0.111255792,0.089056345,0.09382453,0.092985103,0.115705896,0.046609599,0.04612223,0.04515416,0.047656038,0.044453066,0.056399874,0.060691215,0.060776071,0.060168693,0.05881055,0.057563368,0.055725524,0.049397561,0.029769907,0.021614352,0.025118527,0.057114187,0.017316642,0.012592038,0.018699698,0.028716544
Wastewater Treatment,Wastewater Treatment,trww,ch4,,emission_co2e_ch4_trww_treated_advanced_aerobic_treatment|emission_co2e_ch4_trww_treated_advanced_anaerobic_treatment|emission_co2e_ch4_trww_treated_latrine_improved_treatment|emission_co2e_ch4_trww_treated_latrine_unimproved_treatment|emission_co2e_ch4_trww_treated_primary_treatment|emission_co2e_ch4_trww_treated_secondary_aerobic_treatment|emission_co2e_ch4_trww_treated_secondary_anaerobic_treatment|emission_co2e_ch4_trww_treated_septic_treatment|emission_co2e_ch4_trww_untreated_no_sewerage_treatment|emission_co2e_ch4_trww_untreated_with_sewerage_treatment,:math:\text{CH}_4 Emissions from Wastewater Treatment,1,MMT,co2e,Wastewater,Emissions (MMTCO2E),Municipal CH4|Industrial CH4,,5|7,,0.295561785,0.297657457,0.300382886,0.301956775,0.30409735,0.306282351,0.307740095,0.309193891,0.310484748,0.311856684,0.312588807,0.313002432,0.314344858,0.315970504,0.318105123,0.319782812,0.300583822,0.305642417,0.309824704,0.313720335,0.317408123,0.319617113,0.321401674,0.323068466,0.324462155,0.325943798,0.326934088,0.326382476,0.325738592,0.325301365,0.324827443,0.322922498
Wastewater Treatment,Wastewater Treatment,trww,n2o,,emission_co2e_n2o_trww_treated_advanced_aerobic_effluent|emission_co2e_n2o_trww_treated_advanced_aerobic_treatment|emission_co2e_n2o_trww_treated_advanced_anaerobic_effluent|emission_co2e_n2o_trww_treated_advanced_anaerobic_treatment|emission_co2e_n2o_trww_treated_latrine_improved_effluent|emission_co2e_n2o_trww_treated_latrine_improved_treatment|emission_co2e_n2o_trww_treated_latrine_unimproved_effluent|emission_co2e_n2o_trww_treated_latrine_unimproved_treatment|emission_co2e_n2o_trww_treated_primary_effluent|emission_co2e_n2o_trww_treated_primary_treatment|emission_co2e_n2o_trww_treated_secondary_aerobic_effluent|emission_co2e_n2o_trww_treated_secondary_aerobic_treatment|emission_co2e_n2o_trww_treated_secondary_anaerobic_effluent|emission_co2e_n2o_trww_treated_secondary_anaerobic_treatment|emission_co2e_n2o_trww_treated_septic_effluent|emission_co2e_n2o_trww_treated_septic_treatment|emission_co2e_n2o_trww_untreated_no_sewerage_effluent|emission_co2e_n2o_trww_untreated_no_sewerage_treatment|emission_co2e_n2o_trww_untreated_with_sewerage_effluent|emission_co2e_n2o_trww_untreated_with_sewerage_treatment,:math:\text{N}_2\text{O} Emissions from Wastewater Effluent|:math:\text{N}_2\text{O} Emissions from Wastewater Treatment,1,MMT,co2e,Wastewater,Emissions (MMTCO2E),Municipal N2O ,,6,,0.109770004,0.111501199,0.113456733,0.114075815,0.116748005,0.116656066,0.118128202,0.117782777,0.119241764,0.121691165,0.121993264,0.120249628,0.121728035,0.12333427,0.125154655,0.123876108,0.117376934,0.118434346,0.118169475,0.11870658,0.120106936,0.118512795,0.120305297,0.120846736,0.122907695,0.124754957,0.125548555,0.125887724,0.126183173,0.124610087,0.125011318,0.124281441