accounted,ssp_subsector,Subsector,Gas,Vars,Subsector_Category,ids,LA
1,agrc,Agricultural Burning,ch4,emission_co2e_ch4_agrc_biomass_burning,Agricultural Burning:ch4,1:agrc:ch4,0.107304069
1,agrc,Agricultural Burning,n2o,emission_co2e_n2o_agrc_biomass_burning,Agricultural Burning:n2o,2:agrc:n2o,0.016239825
1,agrc,Crop Residues,n2o,emission_co2e_n2o_agrc_crop_residues,Crop Residues:n2o,3:agrc:n2o,0.523035012
1,lndu,Deforestation,co2,emission_co2e_co2_lndu_conversion_forests_mangroves_to_croplands:emission_co2e_co2_lndu_conversion_forests_mangroves_to_flooded:emission_co2e_co2_lndu_conversion_forests_mangroves_to_grasslands:emission_co2e_co2_lndu_conversion_forests_mangroves_to_other:emission_co2e_co2_lndu_conversion_forests_mangroves_to_pastures:emission_co2e_co2_lndu_conversion_forests_mangroves_to_settlements:emission_co2e_co2_lndu_conversion_forests_mangroves_to_shrublands:emission_co2e_co2_lndu_conversion_forests_mangroves_to_wetlands:emission_co2e_co2_lndu_conversion_forests_primary_to_croplands:emission_co2e_co2_lndu_conversion_forests_primary_to_flooded:emission_co2e_co2_lndu_conversion_forests_primary_to_grasslands:emission_co2e_co2_lndu_conversion_forests_primary_to_other:emission_co2e_co2_lndu_conversion_forests_primary_to_pastures:emission_co2e_co2_lndu_conversion_forests_primary_to_settlements:emission_co2e_co2_lndu_conversion_forests_primary_to_shrublands:emission_co2e_co2_lndu_conversion_forests_primary_to_wetlands:emission_co2e_co2_lndu_conversion_forests_secondary_to_croplands:emission_co2e_co2_lndu_conversion_forests_secondary_to_flooded:emission_co2e_co2_lndu_conversion_forests_secondary_to_grasslands:emission_co2e_co2_lndu_conversion_forests_secondary_to_other:emission_co2e_co2_lndu_conversion_forests_secondary_to_pastures:emission_co2e_co2_lndu_conversion_forests_secondary_to_settlements:emission_co2e_co2_lndu_conversion_forests_secondary_to_shrublands:emission_co2e_co2_lndu_conversion_forests_secondary_to_wetlands,Deforestation:co2,4:lndu:co2,2.05
1,entc,Electricity Production,ch4,emission_co2e_ch4_entc_generation_pp_biogas:emission_co2e_ch4_entc_generation_pp_biomass:emission_co2e_ch4_entc_generation_pp_coal:emission_co2e_ch4_entc_generation_pp_coal_ccs:emission_co2e_ch4_entc_generation_pp_gas:emission_co2e_ch4_entc_generation_pp_gas_ccs:emission_co2e_ch4_entc_generation_pp_geothermal:emission_co2e_ch4_entc_generation_pp_hydropower:emission_co2e_ch4_entc_generation_pp_nuclear:emission_co2e_ch4_entc_generation_pp_ocean:emission_co2e_ch4_entc_generation_pp_oil:emission_co2e_ch4_entc_generation_pp_solar:emission_co2e_ch4_entc_generation_pp_waste_incineration:emission_co2e_ch4_entc_generation_pp_wind,Electricity Production:ch4,5:entc:ch4,0.014862404
1,entc,Electricity Production,co2,emission_co2e_co2_entc_generation_pp_biogas:emission_co2e_co2_entc_generation_pp_biomass:emission_co2e_co2_entc_generation_pp_coal:emission_co2e_co2_entc_generation_pp_coal_ccs:emission_co2e_co2_entc_generation_pp_gas:emission_co2e_co2_entc_generation_pp_gas_ccs:emission_co2e_co2_entc_generation_pp_geothermal:emission_co2e_co2_entc_generation_pp_hydropower:emission_co2e_co2_entc_generation_pp_nuclear:emission_co2e_co2_entc_generation_pp_ocean:emission_co2e_co2_entc_generation_pp_oil:emission_co2e_co2_entc_generation_pp_solar:emission_co2e_co2_entc_generation_pp_waste_incineration:emission_co2e_co2_entc_generation_pp_wind:emission_co2e_co2_entc_nbmass_processing_and_refinement_fp_ammonia_production,Electricity Production:co2,6:entc:co2,35.36552305
1,entc,Electricity Production,n2o,emission_co2e_n2o_entc_generation_pp_biogas:emission_co2e_n2o_entc_generation_pp_biomass:emission_co2e_n2o_entc_generation_pp_coal:emission_co2e_n2o_entc_generation_pp_coal_ccs:emission_co2e_n2o_entc_generation_pp_gas:emission_co2e_n2o_entc_generation_pp_gas_ccs:emission_co2e_n2o_entc_generation_pp_geothermal:emission_co2e_n2o_entc_generation_pp_hydropower:emission_co2e_n2o_entc_generation_pp_nuclear:emission_co2e_n2o_entc_generation_pp_ocean:emission_co2e_n2o_entc_generation_pp_oil:emission_co2e_n2o_entc_generation_pp_solar:emission_co2e_n2o_entc_generation_pp_waste_incineration:emission_co2e_n2o_entc_generation_pp_wind,Electricity Production:n2o,7:entc:n2o,0.050993979
1,frst,Forestry - Harvested Wood Products,co2,emission_co2e_co2_frst_harvested_wood_products,Forestry - Harvested Wood Products:co2,8:frst:co2,-10.15508812
1,frst,Forestry - Sequestration,co2,emission_co2e_co2_frst_sequestration_mangroves:emission_co2e_co2_frst_sequestration_primary:emission_co2e_co2_frst_sequestration_secondary,Forestry - Sequestration:co2,9:frst:co2,-28.5170009
1,fgtv,Fugitive Emissions,ch4,emission_co2e_ch4_fgtv_fuel_coal:emission_co2e_ch4_fgtv_fuel_natural_gas:emission_co2e_ch4_fgtv_fuel_oil,Fugitive Emissions:ch4,10:fgtv:ch4,13.09410388
1,fgtv,Fugitive Emissions,co2,emission_co2e_co2_fgtv_fuel_natural_gas,Fugitive Emissions:co2,11:fgtv:co2,0
1,ippu,IPPU,co2,emission_co2e_co2_ippu_production_cement:emission_co2e_co2_ippu_production_glass:emission_co2e_co2_ippu_production_lime_and_carbonite,IPPU:co2,12:ippu:co2,0.977434375
1,ippu,IPPU,fcs,emission_co2e_c2f6_ippu_product_use_product_use_ods_other:emission_co2e_c2f6_ippu_production_chemicals:emission_co2e_c2f6_ippu_production_electronics:emission_co2e_c2f6_ippu_production_metals:emission_co2e_c2h3f3_ippu_product_use_product_use_ods_refrigeration:emission_co2e_c2h3f3_ippu_production_chemicals:emission_co2e_c2hf5_ippu_product_use_product_use_ods_other:emission_co2e_c2hf5_ippu_product_use_product_use_ods_refrigeration:emission_co2e_c2hf5_ippu_production_chemicals:emission_co2e_c3f8_ippu_production_chemicals:emission_co2e_c3f8_ippu_production_electronics:emission_co2e_c3h2f6_ippu_product_use_product_use_ods_other:emission_co2e_c3h2f6_ippu_product_use_product_use_ods_refrigeration:emission_co2e_c3h3f5_ippu_product_use_product_use_ods_other:emission_co2e_c3h3f5_ippu_product_use_product_use_ods_refrigeration:emission_co2e_c3hf7_ippu_product_use_product_use_ods_other:emission_co2e_c3hf7_ippu_product_use_product_use_ods_refrigeration:emission_co2e_c3hf7_ippu_production_chemicals:emission_co2e_c4f10_ippu_product_use_product_use_ods_other:emission_co2e_c4f10_ippu_production_chemicals:emission_co2e_c4f6_ippu_production_electronics:emission_co2e_c4h5f5_ippu_product_use_product_use_ods_other:emission_co2e_c4h5f5_ippu_production_chemicals:emission_co2e_c5f12_ippu_production_chemicals:emission_co2e_c5f8_ippu_production_electronics:emission_co2e_c5h2f10_ippu_product_use_product_use_ods_other:emission_co2e_c6f14_ippu_product_use_product_use_ods_other:emission_co2e_c6f14_ippu_production_chemicals:emission_co2e_cc4f8_ippu_production_chemicals:emission_co2e_cc4f8_ippu_production_electronics:emission_co2e_cf4_ippu_product_use_product_use_ods_other:emission_co2e_cf4_ippu_production_chemicals:emission_co2e_cf4_ippu_production_electronics:emission_co2e_cf4_ippu_production_metals:emission_co2e_ch2f2_ippu_product_use_product_use_ods_refrigeration:emission_co2e_ch2f2_ippu_production_chemicals:emission_co2e_ch2f2_ippu_production_electronics:emission_co2e_ch2fchf2_ippu_product_use_product_use_ods_other:emission_co2e_ch3cci2f_ippu_product_use_product_use_ods_other:emission_co2e_ch3ccif2_ippu_product_use_product_use_ods_other:emission_co2e_ch3chf2_ippu_product_use_product_use_ods_other:emission_co2e_ch3chf2_ippu_product_use_product_use_ods_refrigeration:emission_co2e_ch3chf2_ippu_production_chemicals:emission_co2e_ch3f_ippu_production_electronics:emission_co2e_chf2cf3_ippu_product_use_product_use_ods_other:emission_co2e_chf2cf3_ippu_product_use_product_use_ods_refrigeration:emission_co2e_chf2cf3_ippu_production_chemicals:emission_co2e_chf2chf2_ippu_product_use_product_use_ods_other:emission_co2e_chf3_ippu_product_use_product_use_ods_other:emission_co2e_chf3_ippu_product_use_product_use_ods_refrigeration:emission_co2e_chf3_ippu_production_chemicals:emission_co2e_chf3_ippu_production_electronics:emission_co2e_nf3_ippu_production_chemicals:emission_co2e_nf3_ippu_production_electronics:emission_co2e_sf6_ippu_production_chemicals:emission_co2e_sf6_ippu_production_electronics:emission_co2e_sf6_ippu_production_metals:emission_co2e_sf6_ippu_production_other_product_manufacturing,IPPU:fcs,13:ippu:fcs,3.442740778
1,ippu,IPPU,n2o,emission_co2e_n2o_ippu_production_chemicals,IPPU:n2o,14:ippu:n2o,0
1,entc,Industrial Energy,ch4,emission_co2e_ch4_entc_fuel_mining_and_extraction_me_coal:emission_co2e_ch4_entc_fuel_mining_and_extraction_me_crude:emission_co2e_ch4_entc_fuel_mining_and_extraction_me_natural_gas:emission_co2e_ch4_entc_processing_and_refinement_fp_ammonia_production:emission_co2e_ch4_entc_processing_and_refinement_fp_hydrogen_electrolysis:emission_co2e_ch4_entc_processing_and_refinement_fp_hydrogen_gasification:emission_co2e_ch4_entc_processing_and_refinement_fp_hydrogen_reformation:emission_co2e_ch4_entc_processing_and_refinement_fp_hydrogen_reformation_ccs:emission_co2e_ch4_entc_processing_and_refinement_fp_natural_gas:emission_co2e_ch4_entc_processing_and_refinement_fp_natural_gas_liquefaction:emission_co2e_ch4_entc_processing_and_refinement_fp_petroleum_refinement,Industrial Energy:ch4,15:entc:ch4,0.071036127
1,entc,Industrial Energy,co2,emission_co2e_co2_entc_bmass_processing_and_refinement_fp_hydrogen_gasification:emission_co2e_co2_entc_mining_and_extraction_me_coal:emission_co2e_co2_entc_mining_and_extraction_me_crude:emission_co2e_co2_entc_mining_and_extraction_me_natural_gas:emission_co2e_co2_entc_nbmass_processing_and_refinement_fp_hydrogen_electrolysis:emission_co2e_co2_entc_nbmass_processing_and_refinement_fp_hydrogen_gasification:emission_co2e_co2_entc_nbmass_processing_and_refinement_fp_hydrogen_reformation:emission_co2e_co2_entc_nbmass_processing_and_refinement_fp_hydrogen_reformation_ccs:emission_co2e_co2_entc_nbmass_processing_and_refinement_fp_natural_gas:emission_co2e_co2_entc_nbmass_processing_and_refinement_fp_natural_gas_liquefaction:emission_co2e_co2_entc_nbmass_processing_and_refinement_fp_petroleum_refinement,Industrial Energy:co2,16:entc:co2,58.35443615
1,entc,Industrial Energy,n2o,emission_co2e_n2o_entc_fuel_mining_and_extraction_me_coal:emission_co2e_n2o_entc_fuel_mining_and_extraction_me_crude:emission_co2e_n2o_entc_fuel_mining_and_extraction_me_natural_gas:emission_co2e_n2o_entc_processing_and_refinement_fp_ammonia_production:emission_co2e_n2o_entc_processing_and_refinement_fp_hydrogen_electrolysis:emission_co2e_n2o_entc_processing_and_refinement_fp_hydrogen_gasification:emission_co2e_n2o_entc_processing_and_refinement_fp_hydrogen_reformation:emission_co2e_n2o_entc_processing_and_refinement_fp_hydrogen_reformation_ccs:emission_co2e_n2o_entc_processing_and_refinement_fp_natural_gas:emission_co2e_n2o_entc_processing_and_refinement_fp_natural_gas_liquefaction:emission_co2e_n2o_entc_processing_and_refinement_fp_petroleum_refinement,Industrial Energy:n2o,17:entc:n2o,0.095838551
1,inen,Industrial Energy,ch4,emission_co2e_ch4_inen_agriculture_and_livestock:emission_co2e_ch4_inen_cement:emission_co2e_ch4_inen_chemicals:emission_co2e_ch4_inen_electronics:emission_co2e_ch4_inen_glass:emission_co2e_ch4_inen_lime_and_carbonite:emission_co2e_ch4_inen_metals:emission_co2e_ch4_inen_mining:emission_co2e_ch4_inen_other_product_manufacturing:emission_co2e_ch4_inen_paper:emission_co2e_ch4_inen_plastic:emission_co2e_ch4_inen_recycled_glass:emission_co2e_ch4_inen_recycled_metals:emission_co2e_ch4_inen_recycled_paper:emission_co2e_ch4_inen_recycled_plastic:emission_co2e_ch4_inen_recycled_rubber_and_leather:emission_co2e_ch4_inen_recycled_textiles:emission_co2e_ch4_inen_recycled_wood:emission_co2e_ch4_inen_rubber_and_leather:emission_co2e_ch4_inen_textiles:emission_co2e_ch4_inen_wood,Industrial Energy:ch4,18:inen:ch4,0.071036127
1,inen,Industrial Energy,co2,emission_co2e_co2_inen_bmass_agriculture_and_livestock:emission_co2e_co2_inen_bmass_cement:emission_co2e_co2_inen_bmass_chemicals:emission_co2e_co2_inen_bmass_electronics:emission_co2e_co2_inen_bmass_glass:emission_co2e_co2_inen_bmass_lime_and_carbonite:emission_co2e_co2_inen_bmass_metals:emission_co2e_co2_inen_bmass_mining:emission_co2e_co2_inen_bmass_other_product_manufacturing:emission_co2e_co2_inen_bmass_paper:emission_co2e_co2_inen_bmass_plastic:emission_co2e_co2_inen_bmass_recycled_glass:emission_co2e_co2_inen_bmass_recycled_metals:emission_co2e_co2_inen_bmass_recycled_paper:emission_co2e_co2_inen_bmass_recycled_plastic:emission_co2e_co2_inen_bmass_recycled_rubber_and_leather:emission_co2e_co2_inen_bmass_recycled_textiles:emission_co2e_co2_inen_bmass_recycled_wood:emission_co2e_co2_inen_bmass_rubber_and_leather:emission_co2e_co2_inen_bmass_textiles:emission_co2e_co2_inen_bmass_wood:emission_co2e_co2_inen_nbmass_agriculture_and_livestock:emission_co2e_co2_inen_nbmass_cement:emission_co2e_co2_inen_nbmass_chemicals:emission_co2e_co2_inen_nbmass_electronics:emission_co2e_co2_inen_nbmass_glass:emission_co2e_co2_inen_nbmass_lime_and_carbonite:emission_co2e_co2_inen_nbmass_metals:emission_co2e_co2_inen_nbmass_mining:emission_co2e_co2_inen_nbmass_other_product_manufacturing:emission_co2e_co2_inen_nbmass_paper:emission_co2e_co2_inen_nbmass_plastic:emission_co2e_co2_inen_nbmass_recycled_glass:emission_co2e_co2_inen_nbmass_recycled_metals:emission_co2e_co2_inen_nbmass_recycled_paper:emission_co2e_co2_inen_nbmass_recycled_plastic:emission_co2e_co2_inen_nbmass_recycled_rubber_and_leather:emission_co2e_co2_inen_nbmass_recycled_textiles:emission_co2e_co2_inen_nbmass_recycled_wood:emission_co2e_co2_inen_nbmass_rubber_and_leather:emission_co2e_co2_inen_nbmass_textiles:emission_co2e_co2_inen_nbmass_wood,Industrial Energy:co2,19:inen:co2,58.35443615
1,inen,Industrial Energy,n2o,emission_co2e_n2o_inen_agriculture_and_livestock:emission_co2e_n2o_inen_cement:emission_co2e_n2o_inen_chemicals:emission_co2e_n2o_inen_electronics:emission_co2e_n2o_inen_glass:emission_co2e_n2o_inen_lime_and_carbonite:emission_co2e_n2o_inen_metals:emission_co2e_n2o_inen_mining:emission_co2e_n2o_inen_other_product_manufacturing:emission_co2e_n2o_inen_paper:emission_co2e_n2o_inen_plastic:emission_co2e_n2o_inen_recycled_glass:emission_co2e_n2o_inen_recycled_metals:emission_co2e_n2o_inen_recycled_paper:emission_co2e_n2o_inen_recycled_plastic:emission_co2e_n2o_inen_recycled_rubber_and_leather:emission_co2e_n2o_inen_recycled_textiles:emission_co2e_n2o_inen_recycled_wood:emission_co2e_n2o_inen_rubber_and_leather:emission_co2e_n2o_inen_textiles:emission_co2e_n2o_inen_wood,Industrial Energy:n2o,20:inen:n2o,0.095838551
1,lvst,Livestock,ch4,emission_co2e_ch4_lvst_entferm_buffalo:emission_co2e_ch4_lvst_entferm_cattle_dairy:emission_co2e_ch4_lvst_entferm_cattle_nondairy:emission_co2e_ch4_lvst_entferm_chickens:emission_co2e_ch4_lvst_entferm_goats:emission_co2e_ch4_lvst_entferm_horses:emission_co2e_ch4_lvst_entferm_mules:emission_co2e_ch4_lvst_entferm_pigs:emission_co2e_ch4_lvst_entferm_sheep,Livestock:ch4,21:lvst:ch4,1.539811251
1,lsmm,Livestock Manure Management,ch4,emission_co2e_ch4_lsmm_anaerobic_digester:emission_co2e_ch4_lsmm_anaerobic_lagoon:emission_co2e_ch4_lsmm_composting:emission_co2e_ch4_lsmm_daily_spread:emission_co2e_ch4_lsmm_deep_bedding:emission_co2e_ch4_lsmm_dry_lot:emission_co2e_ch4_lsmm_incineration:emission_co2e_ch4_lsmm_liquid_slurry:emission_co2e_ch4_lsmm_paddock_pasture_range:emission_co2e_ch4_lsmm_poultry_manure:emission_co2e_ch4_lsmm_storage_solid,Livestock Manure Management:ch4,22:lsmm:ch4,0.151107178
1,lsmm,Livestock Manure Management,n2o,emission_co2e_n2o_lsmm_direct_anaerobic_digester:emission_co2e_n2o_lsmm_direct_anaerobic_lagoon:emission_co2e_n2o_lsmm_direct_composting:emission_co2e_n2o_lsmm_direct_daily_spread:emission_co2e_n2o_lsmm_direct_deep_bedding:emission_co2e_n2o_lsmm_direct_dry_lot:emission_co2e_n2o_lsmm_direct_incineration:emission_co2e_n2o_lsmm_direct_liquid_slurry:emission_co2e_n2o_lsmm_direct_paddock_pasture_range:emission_co2e_n2o_lsmm_direct_poultry_manure:emission_co2e_n2o_lsmm_direct_storage_solid:emission_co2e_n2o_lsmm_indirect_anaerobic_digester:emission_co2e_n2o_lsmm_indirect_anaerobic_lagoon:emission_co2e_n2o_lsmm_indirect_composting:emission_co2e_n2o_lsmm_indirect_daily_spread:emission_co2e_n2o_lsmm_indirect_deep_bedding:emission_co2e_n2o_lsmm_indirect_dry_lot:emission_co2e_n2o_lsmm_indirect_incineration:emission_co2e_n2o_lsmm_indirect_liquid_slurry:emission_co2e_n2o_lsmm_indirect_paddock_pasture_range:emission_co2e_n2o_lsmm_indirect_poultry_manure:emission_co2e_n2o_lsmm_indirect_storage_solid,Livestock Manure Management:n2o,23:lsmm:n2o,0.079211555
1,lndu,Other Land Use - Sequestration,co2,emission_co2e_co2_lndu_biomass_sequestration_settlements,Other Land Use - Sequestration:co2,24:lndu:co2,0
1,agrc,Rice,ch4,emission_co2e_ch4_agrc_anaerobicdom_rice,Rice:ch4,25:agrc:ch4,2.277669651
1,soil,Soil Management,co2,emission_co2e_co2_soil_lime_use:emission_co2e_co2_soil_urea_use,Soil Management:co2,26:soil:co2,0.305152394
1,soil,Soil Management,n2o,emission_co2e_n2o_soil_fertilizer:emission_co2e_n2o_soil_mineral_soils:emission_co2e_n2o_soil_organic_soils:emission_co2e_n2o_soil_paddock_pasture_range,Soil Management:n2o,27:soil:n2o,0.9280287
1,waso,Solid Waste,ch4,emission_co2e_ch4_waso_incineration:emission_co2e_ch4_waso_landfilled_chemical_industrial:emission_co2e_ch4_waso_landfilled_food:emission_co2e_ch4_waso_landfilled_glass:emission_co2e_ch4_waso_landfilled_metal:emission_co2e_ch4_waso_landfilled_nappies:emission_co2e_ch4_waso_landfilled_other:emission_co2e_ch4_waso_landfilled_paper:emission_co2e_ch4_waso_landfilled_plastic:emission_co2e_ch4_waso_landfilled_rubber_leather:emission_co2e_ch4_waso_landfilled_sludge:emission_co2e_ch4_waso_landfilled_textiles:emission_co2e_ch4_waso_landfilled_wood:emission_co2e_ch4_waso_landfilled_yard,Solid Waste:ch4,28:waso:ch4,2.998903326
1,waso,Solid Waste,co2,emission_co2e_co2_waso_incineration,Solid Waste:co2,29:waso:co2,0.137286976
1,waso,Solid Waste,n2o,emission_co2e_n2o_waso_incineration,Solid Waste:n2o,30:waso:n2o,0.002211368
1,scoe,Stationary Combustion and Other Energy,ch4,emission_co2e_ch4_scoe_commercial_municipal:emission_co2e_ch4_scoe_other_se:emission_co2e_ch4_scoe_residential,Stationary Combustion and Other Energy:ch4,31:scoe:ch4,0.017075992
1,scoe,Stationary Combustion and Other Energy,co2,emission_co2e_co2_scoe_bmass_commercial_municipal:emission_co2e_co2_scoe_bmass_other_se:emission_co2e_co2_scoe_bmass_residential:emission_co2e_co2_scoe_nbmass_commercial_municipal:emission_co2e_co2_scoe_nbmass_other_se:emission_co2e_co2_scoe_nbmass_residential,Stationary Combustion and Other Energy:co2,32:scoe:co2,4.470402226
1,scoe,Stationary Combustion and Other Energy,n2o,emission_co2e_n2o_scoe_commercial_municipal:emission_co2e_n2o_scoe_other_se:emission_co2e_n2o_scoe_residential,Stationary Combustion and Other Energy:n2o,33:scoe:n2o,0.004004404
1,trns,Transportation,ch4,emission_co2e_ch4_trns_aviation:emission_co2e_ch4_trns_powered_bikes:emission_co2e_ch4_trns_public:emission_co2e_ch4_trns_rail_freight:emission_co2e_ch4_trns_rail_passenger:emission_co2e_ch4_trns_road_heavy_freight:emission_co2e_ch4_trns_road_heavy_regional:emission_co2e_ch4_trns_road_light:emission_co2e_ch4_trns_water_borne,Transportation:ch4,34:trns:ch4,0.058546902
1,trns,Transportation,co2,emission_co2e_co2_trns_aviation:emission_co2e_co2_trns_human_powered:emission_co2e_co2_trns_powered_bikes:emission_co2e_co2_trns_public:emission_co2e_co2_trns_rail_freight:emission_co2e_co2_trns_rail_passenger:emission_co2e_co2_trns_road_heavy_freight:emission_co2e_co2_trns_road_heavy_regional:emission_co2e_co2_trns_road_light:emission_co2e_co2_trns_water_borne,Transportation:co2,35:trns:co2,44.88963425
1,trns,Transportation,n2o,emission_co2e_n2o_trns_aviation:emission_co2e_n2o_trns_powered_bikes:emission_co2e_n2o_trns_public:emission_co2e_n2o_trns_rail_freight:emission_co2e_n2o_trns_rail_passenger:emission_co2e_n2o_trns_road_heavy_freight:emission_co2e_n2o_trns_road_heavy_regional:emission_co2e_n2o_trns_road_light:emission_co2e_n2o_trns_water_borne,Transportation:n2o,36:trns:n2o,0.182041508
1,trww,Wastewater Treatment,ch4,emission_co2e_ch4_trww_treated_advanced_aerobic_treatment:emission_co2e_ch4_trww_treated_advanced_anaerobic_treatment:emission_co2e_ch4_trww_treated_latrine_improved_treatment:emission_co2e_ch4_trww_treated_latrine_unimproved_treatment:emission_co2e_ch4_trww_treated_primary_treatment:emission_co2e_ch4_trww_treated_secondary_aerobic_treatment:emission_co2e_ch4_trww_treated_secondary_anaerobic_treatment:emission_co2e_ch4_trww_treated_septic_treatment:emission_co2e_ch4_trww_untreated_no_sewerage_treatment:emission_co2e_ch4_trww_untreated_with_sewerage_treatment,Wastewater Treatment:ch4,37:trww:ch4,0.322922498
1,trww,Wastewater Treatment,n2o,emission_co2e_n2o_trww_treated_advanced_aerobic_effluent:emission_co2e_n2o_trww_treated_advanced_aerobic_treatment:emission_co2e_n2o_trww_treated_advanced_anaerobic_effluent:emission_co2e_n2o_trww_treated_advanced_anaerobic_treatment:emission_co2e_n2o_trww_treated_latrine_improved_effluent:emission_co2e_n2o_trww_treated_latrine_improved_treatment:emission_co2e_n2o_trww_treated_latrine_unimproved_effluent:emission_co2e_n2o_trww_treated_latrine_unimproved_treatment:emission_co2e_n2o_trww_treated_primary_effluent:emission_co2e_n2o_trww_treated_primary_treatment:emission_co2e_n2o_trww_treated_secondary_aerobic_effluent:emission_co2e_n2o_trww_treated_secondary_aerobic_treatment:emission_co2e_n2o_trww_treated_secondary_anaerobic_effluent:emission_co2e_n2o_trww_treated_secondary_anaerobic_treatment:emission_co2e_n2o_trww_treated_septic_effluent:emission_co2e_n2o_trww_treated_septic_treatment:emission_co2e_n2o_trww_untreated_no_sewerage_effluent:emission_co2e_n2o_trww_untreated_no_sewerage_treatment:emission_co2e_n2o_trww_untreated_with_sewerage_effluent:emission_co2e_n2o_trww_untreated_with_sewerage_treatment,Wastewater Treatment:n2o,38:trww:n2o,0.124281441