group_1_ef_agrc_anaerobicdom_rice_kg_ch4_ha,group_2_frac_agrc_agriculture_production_lost,group_3_frac_agrc,group_4_qty_ccsq_mt_co2_captured_sequestered_by_direct_air_capture,group_5_frac_enfu_transmission_loss_fuel_electricity,group_6_nemomod_entc_frac_min_share_production_fp_hydrogen_electrolysis,group_7_nemomod_en,group_8_frac_fgtv_reduction_in_fugitive_leaks,group_9_frac_fgtv_drained_and_waste_ch4_flared_fuel,group_10_efficfactor_enfu_industrial_energy_fuel,group_11_scalar_inen_energy_demand,group_12_frac_inen_energy,group_13_frac_ippu_cement_clinker,group_14_ef_ippu_tonne_c,group_15_ef_ippu_tonne_n2o_per,group_16_ef_ippu_tonne_c,group_17_pij_lndu,group_18_frac_lndu_improved_pastures,group_19_lndu_reallocation_factor,group_20_gasrf_lsmm_biogas_anaerobic,group_21_frac_lvst_mm,group_22_frac_lvst_mm,group_23_frac_lvst_mm_chickens,group_24_ef_lvst_entferm,group_25_frac_gnrl_eating_red_meat,group_26_frac_ippu_production_with_co2_capture,group_27_scalar_scoe_heat_energy_demand,group_28_scalar_scoe_appliance_energy_demand,group_29_frac_scoe_heat_energy,group_30_demscalar_soil_liming_per_area,group_31_demscalar_soil_fertilizer_n_per_area,group_32_demscalar_trde,group_33_elecfuelefficiency_trns,group_34_fuelefficiency_trns,group_35_occrate_trns_passenger_per_vehicle_road_light,group_36_frac_trns_fuelmix_road_light,group_37_frac_trns_fuelmix_water_borne,group_38_frac_trns_fuelmix,group_39_frac_trns_fuelmix_rail,group_40_frac_trns_mtkm_dem_freight,group_41_frac_trns_pkm_dem_private_and_public,group_42_frac_trns_pkm_dem_regional,group_43_gasrf_trww_biogas_treated,group_44_frac_waso,group_45_frac_waso_lgc_recovered_for_energy,group_46_frac_waso_recycled,group_47_cost_enfu_fuel,group_48_nemomod_entc,group_49_nemomod_entc,group_50_nemomod_enst_capital_cost_st,group_51_exports_enfu_pj_fuel,group_52_gdp_mmm_usd,group_53_population_gnrl,group_54_elasticity_scoe_enerdem_per,group_55_elasticity_trde_mtkm_to_gdp_freight,group_56_elasticity_trde_pkm_to_gdppc,group_57_elasticity_ippu,group_58_elasticity_ippu_product_use,emission_avg_last_five_years,emission_total,production_total,production_cost_total,technical_cost,air_pollution,consumer_savings,human_health,pareto_index
0.8082954231696566,0.6217672928984664,0.5915615712226525,0.09577827276124515,0.9285457378135804,0.03366873999462755,0.9734349339606587,0.8691540098025723,0.9650084594858229,0.681445645350857,0.041168891962043985,0.08365974941158846,0.6255261340484528,0.4035259850612107,0.1333530708109769,0.023413746082413457,0.7563109960724397,0.24961052122848884,0.5500236529809209,0.8762498272758404,0.16757790208409964,0.011744180011466866,0.5235026472556221,0.9409161946712433,0.9950180016094038,0.18759238807293419,0.9456336252567455,0.9961855081263161,0.12092066162211239,0.9605172806343717,0.6115353993125345,0.9557816882506661,0.7650401871346397,0.9520363557401437,0.9483061508876764,0.2665115727491602,0.3772991118703204,0.9742997224485055,0.24655207837338045,0.6597720210263278,0.17971732028849152,0.778972693836627,0.648108462013764,0.22080409405010543,0.07596756400656494,0.9761926020460167,0.0011938948824266743,0.20466707230691833,0.07672761256215777,0.08342059370849662,0.004308034817681484,0.039084608975607185,0.7394224916867709,0.4980983255760703,0.3823249184871638,0.009298043359639841,0.9898614192978614,0.7508648153504891,124.014656,5609.615,1065196200.0,13303728000.0,206.58664,61.149654,11.198525,8.097923,0
0.8082954231696566,0.6217672928984664,0.5915615712226525,0.06914863189268053,0.8705775173728711,0.03366873999462755,0.9734349339606587,0.8691540098025723,0.9649972380578699,0.681445645350857,0.041168891962043985,0.08366170902622762,0.644254255271458,0.40505548044848594,0.1333530708109769,0.023413746082413457,0.7563109960724397,0.24961052122848884,0.5500447069223566,0.8764119609061286,0.16757790208409964,0.011744180011466866,0.5235026472556221,0.9409165136970752,0.9950180016094038,0.18759238807293419,0.9456336252567455,0.9961855030843837,0.12111584175140597,0.9605166434282484,0.6114108055078847,0.9534829810031863,0.7650401871346397,0.9520363557401437,0.9483061508876764,0.2665115727491602,0.3772709111694341,0.9742997224485055,0.24655207837338045,0.6597720210263278,0.17971732028849152,0.778972693836627,0.648108462013764,0.2207186599382389,0.07596756400656494,0.9761951512983633,0.0011938948824266743,0.20466707230691833,0.07674616515908184,0.08317559614479268,0.004308034817681484,0.039084608975607185,0.7394224916867709,0.49802894887186466,0.3823249184871638,0.009298043359639841,0.9898614192978614,0.7508648153504891,124.014656,5616.2783,1065196200.0,13303728000.0,206.58664,61.195255,11.178162,8.097923,1
0.8711994502579995,0.6813721990639638,0.6284543771059742,0.06818869585486015,0.868669780486177,0.033664139308996116,0.9734071120255596,0.8712847232245462,0.9649958385142084,0.6811203987416518,0.07983705239585792,0.08366090519709823,0.6264708165240949,0.4049163171280369,0.13295698736182515,0.023364920170480075,0.757048871102092,0.25483799502128807,0.5500448429568959,0.8759729500730441,0.16079990226634355,0.011753084530680118,0.5289209827226939,0.9409695801457698,0.9949430650760381,0.18761859962034505,0.9589136837061829,0.9961798345715069,0.12103971928046871,0.9298549899960109,0.5519663322601972,0.9433125817139115,0.7685108904009224,0.9520471111725624,0.9734073889661881,0.48300120702508287,0.2960889793187088,0.9743037527673164,0.22203674102449186,0.6602541039466656,0.18272862460442726,0.7909622532338432,0.6416872691341876,0.22074103553241592,0.09269031676718545,0.9761939806150854,0.004306309064439069,0.20466396782901067,0.0770624581219877,0.08418328493918,0.014376115288491864,0.039432423064775075,0.7397918404327147,0.4881475821958151,0.3836408172713386,0.010299395559033583,0.9899198266281422,0.6885067697760862,122.54408,5606.484,1066910100.0,13246790000.0,205.59702,62.0061,11.259214,8.097923,2
0.8072847947268506,0.61923978283301,0.627603225837048,0.09147966414676793,0.9347868585932151,0.04401810222178673,0.9719159698919921,0.8744679907187786,0.9651502366050969,0.6780856537774586,0.07733686890010347,0.09518915409858318,0.6270868493628987,0.40505461396537434,0.07269264990297164,0.022558329722728882,0.6785017008355082,0.2548508214352222,0.5500150206456995,0.8666648400593829,0.15930167531251724,0.011514997888333088,0.5184212262151943,0.998633943834002,0.9932422169073148,0.18679032163353868,0.9588418036993656,0.9964089869559135,0.13016441738625795,0.9210912867330333,0.5698347374950907,0.8989568211758987,0.7699267739166787,0.9529975240516093,0.9457743333254957,0.4912615082147087,0.30649013198430547,0.9744466608068391,0.22144378086919173,0.6569997904227384,0.18326826335038246,0.7897258368424295,0.5714720141817988,0.20656764169941455,0.09309024332171897,0.9714434237641563,0.00534321750907873,0.20462429520601327,0.08432544812558494,0.08443103813171886,0.03232378524602639,0.03831305333407614,0.7437070981983884,0.4874175194585191,0.3780524167428516,0.009319153413279702,0.9933381662242662,0.7424360268752705,122.11598,5577.337,1062008640.0,13300935000.0,205.31645,61.9605,11.279578,8.072136,3
0.8514436356733426,0.6269644019900089,0.4783938823488548,0.12632696597994084,0.8698256874416047,0.04184464374768999,0.972804803669403,0.8711983218532321,0.9652839371312616,0.6818105164653641,0.07923524945388051,0.08373761022469892,0.644182501211791,0.4064371546861712,0.1333530708109769,0.023413746082413457,0.7563110027317062,0.25016734415795794,0.5500446142915333,0.8669513847568684,0.17040844430582552,0.011715638147422349,0.5235624453047054,0.9372570389379494,0.9928572581137993,0.18759238807293419,0.9600192068743667,0.9961866761361495,0.11595613889200045,0.960516641590729,0.568113997779645,0.9525655916004627,0.7711575875726024,0.9504660542521634,0.9510896691133489,0.5354512612807389,0.37727059648435035,0.9756355044238505,0.24655207974819043,0.6597656071730694,0.18331000936461947,0.789528389963404,0.6281393313324043,0.2207182041094623,0.09269984592114257,0.9763285635825215,0.0008151469579611404,0.20304824629607787,0.07674590413104607,0.08315774205325793,0.00526460416786967,0.03952848752675122,0.7433866602528011,0.4454920358501335,0.45733756805834574,0.009298043359639841,0.9695816151149484,0.7050817367778851,119.969444,5534.1064,1064181060.0,13217966000.0,205.02582,61.910084,10.84871,8.097923,4
0.8515537406210485,0.621562774749401,0.6295306788940924,0.12443139345368329,0.9344886396020466,0.04622109781091714,0.9716693067689305,0.8721142230454018,0.9652710996173842,0.6935456201875569,0.04451478325838133,0.18114505118047247,0.6443191346682721,0.4043152255129543,0.1345824370507644,0.023451382147050042,0.5839100603826985,0.25508535852414416,0.5500164922872417,0.8878679461493164,0.17118713526086443,0.008526454682063173,0.5234469116707754,0.9408869751554799,0.9854589699163127,0.18995589952243172,0.9456336252567455,0.9963995675714357,0.1210220141620207,0.9315847007289296,0.5730289027687713,0.9535835031139289,0.771725566783865,0.9503682073699948,0.9460116014906063,0.5549689983969716,0.37350216600511454,0.9650216075066512,0.24724775333945231,0.6532149851149521,0.18387454198455597,0.8996975993861334,0.6288143400056779,0.3310368340029757,0.07164960903264402,0.97233260075955,0.005394314418583223,0.2046764177463003,0.0835916494458493,0.0845540649240165,0.0039940119215666,0.03282570437264083,0.7456101605170862,0.4960285300365222,0.34402969593522104,0.009298407889808126,0.9930749154078282,0.7500354595828606,118.81345,5529.7017,1031104600.0,13532687000.0,204.1636,61.77271,11.181674,8.097923,5
0.8515537406210485,0.6187143215459207,0.6295306788940924,0.12443139345368329,0.9344886396020466,0.04622109781091714,0.9716693067689305,0.8721142230454018,0.9650488151082427,0.693385884912981,0.04451478325838133,0.18114505118047247,0.6443374658208126,0.40454956171812406,0.1345824370507644,0.023509727937351135,0.7390792976632021,0.25508535852414416,0.5500164922872417,0.8878679461493164,0.17118713526086443,0.008526454682063173,0.5235026604340209,0.9408869751554799,0.9891741833057767,0.18995589952243172,0.9456336252567455,0.9964066539945164,0.1210220141620207,0.9315847007289296,0.570662094776431,0.9535835031139289,0.7683267945648402,0.9503682073699948,0.948640872441834,0.5551955990200749,0.37350216600511454,0.9650216075066512,0.24641462885560345,0.6532117700377523,0.18387454198455597,0.7891424865268822,0.6288143400056779,0.22080363822132884,0.26718843525535363,0.97233260075955,0.005394314418583223,0.2046764177463003,0.0835916494458493,0.0840719740689439,0.003992480185792988,0.03942503607146413,0.7440645214681274,0.4960285300365222,0.34402969593522104,0.009298407889808126,0.9930749154078282,0.750236284559347,117.94933,5528.0737,1031581300.0,13525861000.0,203.3859,61.664234,11.181674,8.097923,6
0.8092006811924074,0.6219519868154647,0.5912363057579173,0.09231351453514831,0.8696761695645733,0.11941097964033563,0.9959899024190346,0.8694176837370097,0.9659344891371485,0.8449028787906644,0.0810127080456481,0.1687628387376395,0.6588637668615669,0.40487148526026545,0.12771682741460322,0.0205910787896598,0.7391237548402084,0.25514158014245136,0.5500453247914777,0.8624984478921968,0.17070421112183476,0.0014674277354269545,0.5812280182065918,0.9408466130382724,0.9868844792506202,0.1875888709001619,0.9800474477975373,0.9973194385322858,0.10525048570093298,0.9606212796928592,0.5732482325188464,0.9072964306011332,0.8589024214201821,0.9519952238108476,0.949324802976901,0.5621700972102435,0.36717947452611244,0.9741212613064578,0.24468712772101847,0.6598712607323265,0.18387511593993644,0.729283272797779,0.6396788178001369,0.17349559348803878,0.26855074583791605,0.9990758350081809,0.013661909378914221,0.2039985868723404,0.07690154778742642,0.08301909121086684,0.008644408923164943,0.04005734084707868,0.7179735584468113,0.4951494959021308,0.4519412381593367,0.009312601820577521,0.9998501275556219,0.7437188246041077,116.86784,5521.616,1026589060.0,13450032000.0,202.32608,61.81794,11.059254,8.084065,7
0.8112206470890712,0.6279444788874156,0.5915615712226525,0.37710099370247535,0.8295350830504741,0.0440376349700151,0.9730422068052136,0.8691540098025723,0.9653012182643302,0.6936013910866227,0.041168891962043985,0.08375339929037892,0.644875015453958,0.40505548044848594,0.13039900755471256,0.02134426921816251,0.740849476248622,0.24961052122848884,0.5500447069223566,0.867104533359235,0.16757790208409964,0.011744180011466866,0.5236387422708915,0.9409183300059578,0.9933157649039218,0.18817732358598022,0.9456336252567455,0.9961855030843837,0.1171801222742803,0.9583732231453587,0.6131930059980556,0.9534829810031863,0.7650401871346397,0.9529466435783613,0.9472800449097097,0.2693168146587928,0.3742635288921604,0.974437841505144,0.2471945410549379,0.6303752352165044,0.17997792179451963,0.778972693836627,0.648108462013764,0.2203028292885278,0.07596756400656494,0.9756046004627317,0.0011938948824266743,0.20456272777590037,0.07674616515908184,0.08320152084405934,0.004308034817681484,0.039084608975607185,0.7464609970891344,0.49802894887186466,0.4563405434325063,0.009287716262318103,0.9891095459060537,0.7441903319993972,115.74528,5472.205,1054577600.0,13287671000.0,200.94177,60.898705,11.178162,8.097923,8
0.8112206470890712,0.6281775613638653,0.5915615712226525,0.37710099370247535,0.8295580952964192,0.0440376349700151,0.9731539352006359,0.8691540098025723,0.9627516572606183,0.6936013910866227,0.041168891962043985,0.1801216194343002,0.6443708302240174,0.40505548044848594,0.13039900755471256,0.02101750435631864,0.7399343404930284,0.24961052122848884,0.5500167744603398,0.867104533359235,0.16489918301598064,0.011747361572869474,0.523640668340476,0.9867461316869734,0.9886183862041918,0.1880485062322641,0.9429943121102912,0.9961855030843837,0.1171801222742803,0.9204816478501224,0.618265576653383,0.9534829810031863,0.7649577717191339,0.9529466435783613,0.9472800449097097,0.2714264704133945,0.3742635288921604,0.9741528108067363,0.2471945410549379,0.6303752352165044,0.20131957231492106,0.778972693836627,0.648108462013764,0.21075424542264226,0.07647896409213081,0.9756046004627317,0.0011938948824266743,0.20456272777590037,0.08459633414531263,0.08320152084405934,0.027572185949463132,0.039084608975607185,0.7464609970891344,0.48328691165839294,0.4563405434325063,0.009287716262318103,0.9891095459060537,0.7481222559257515,114.2383,5470.46,1032246460.0,13559928000.0,199.799,60.75866,11.178162,8.072136,9
0.8379755597865728,0.8266987556926635,0.6284543771059742,0.3761258195880955,0.8325243717109991,0.04406112076343765,0.9730143848701145,0.872006854919268,0.9652997331167503,0.6932761444774175,0.07983705239585792,0.08451850322832818,0.6281619857711395,0.40454048581586693,0.13000292410556086,0.021257636333354694,0.7419012729271811,0.2555266913572561,0.5500448429568959,0.8603470390528767,0.16079990226634355,0.011986258374390614,0.5261852535836091,0.946171491542301,0.989609212748862,0.18820353513339108,0.9576768066213108,0.9986453772205885,0.1300939140606815,0.9277115697144721,0.5537445582632278,0.9433125817139115,0.7685108904009224,0.9529573990107801,0.9758336006595401,0.5551859236214703,0.29308159704143505,0.9983803656294361,0.221475074337589,0.629096321928065,0.1829852936555442,0.7808559693022881,0.5753091578950617,0.22073455152189136,0.09269031676718545,0.9756034297794537,0.01634478482189505,0.20457235049185804,0.08387184400717994,0.08349275874615562,0.014647003525643833,0.039432423064775075,0.7468303458350781,0.48098891879003847,0.45765644221668106,0.01030743864511818,0.9878990642980378,0.7431353054202849,111.85583,5393.8125,1054090300.0,13217532000.0,199.38095,61.70955,11.259214,8.166929,10
0.8519467947323159,0.618866385664308,0.6463676061925767,0.5242901784077029,0.9346983939968324,0.03443716669930318,0.9728523494932555,0.8711099083877516,0.9652854980034332,0.6868569116467199,0.08001172190412689,0.0835847860146469,0.6597027005351718,0.4055595761651487,0.13053760625504146,0.02120863322511039,0.7391577565000473,0.2550840324753838,0.5500384633995461,0.8667726291763229,0.14008183123982548,0.011363772697619342,0.5278160556056346,0.9371640030225776,0.989307759191965,0.18437884999747067,0.959570634584235,0.9972029368957551,0.12085410920292461,0.9249477101588419,0.527785697155168,0.9422727276865929,0.84253421431345,0.9503281552965562,0.9728667730909656,0.24957304533178243,0.3730642478443505,0.9914619299641102,0.2225078071558503,0.6574061244613068,0.17995445362992246,0.7876911058632681,0.6376572568535309,0.22135677824031327,0.07048073442413118,0.9761615535747202,0.0037440357806078836,0.20321405920968688,0.08433491483606229,0.08410984906325035,0.029076778671892314,0.03943249511278313,0.746822272823767,0.4975407342772919,0.375047103142584,0.010322146202454014,0.9930565982146241,0.7496316296323449,110.96132,5427.522,1060323600.0,13289450000.0,197.74788,60.910244,11.345612,8.195019,11
0.8511267374002188,0.6216035408796889,0.5968324914468973,0.5261633157603095,0.8309624665656866,0.03369935506285446,0.9964588822571099,0.9152539513218196,0.9652685221297036,0.6781445605577484,0.04187110840707646,0.038621378353167424,0.6454385132433904,0.4342656718985296,0.13112810440847936,0.022175819830024892,0.5916052681447235,0.2548574565483415,0.5500378222243644,0.885876138445477,0.17201297031409243,0.002378355797891131,0.5272583265167261,0.9997738174847217,0.9946720725834182,0.18438082895841268,0.9590497161320135,0.996126238576971,0.11706569254504415,0.8445690718755696,0.5272748208927268,0.8987513279984495,0.8548701739666814,0.9529408698356835,0.9459968796575642,0.5695490417884619,0.3735823386375939,0.802803205185486,0.2472601155111405,0.6536963834328551,0.1799669313863969,0.7877517234041532,0.6305822882110682,0.22071892023453976,0.07635146211026873,0.9761916614718401,0.09566980596703212,0.12023474648697163,0.08405300799763937,0.09589989340568938,0.00374778725559808,0.032984983516377846,0.7455740230787603,0.49516114049405013,0.3731562909916105,0.009310145221333017,0.9934811864224313,0.744203342207501,109.39765,5373.118,1084786800.0,13158877000.0,197.4038,60.611683,11.178162,8.117434,12
0.8485376876168197,0.6214741974149439,0.6305931285778145,0.5271725865855029,0.8295344764024808,0.09336667068217339,0.9730405829275123,0.9161962124042823,0.9654236247808252,0.686685320329527,0.043486689185311386,0.08053718443222208,0.627819869934056,0.4083940628724089,0.07282166340533192,0.021344618864648557,0.6785677200132952,0.24990709294314922,0.5500439164763172,0.8857702500992921,0.16759150293783384,0.011599790595752153,0.5258820890587468,0.9436678272792967,0.9934856328812021,0.18642541102854904,0.945752805513837,0.9962151782926651,0.11710392870723849,0.958849466089581,0.5491741768132016,0.9432049255842362,0.7751405960280521,0.9529515370744058,0.8985855755424902,0.554724081548103,0.3735823386375939,0.9823145515950593,0.24710108224110966,0.6569245232529024,0.18018483925555737,0.7884256597848606,0.5718437972916556,0.2105949675601386,0.09263043461009288,0.9994047545220567,0.0043328376349180174,0.20694969457109344,0.07629869045298197,0.08328408456512601,0.005161524555875534,0.0320552884755612,0.7455302840402357,0.4971398872718367,0.4547335849397925,0.00932745505039356,0.9934011545030484,0.7443186849135578,107.3841,5364.837,1079426800.0,13279940000.0,196.85786,61.70955,11.16131,8.149722,13
0.8485376876168197,0.6217072798913935,0.6305931285778145,0.5271725865855029,0.8295574886484258,0.09336667068217339,0.9731523113229344,0.9161962124042823,0.9628740637771132,0.686685320329527,0.043486689185311386,0.17690540404514843,0.6273156847041154,0.4083940628724089,0.07282166340533192,0.021017854002804686,0.6776525842577018,0.24990709294314922,0.5500159840143004,0.8857702500992921,0.16491278386971484,0.011602972157154761,0.5258840151283313,0.9894977744456134,0.9887882541815871,0.1862965936748329,0.9431134923673827,0.9962151782926651,0.11710392870723849,0.9209578908030537,0.5542467474685289,0.9432049255842362,0.7750581806125462,0.9529515370744058,0.8985855755424902,0.5568337370984585,0.3735823386375939,0.982029520896652,0.24710108224110966,0.6569245232529024,0.20152648977595883,0.7884256597848606,0.5718437972916556,0.2105949675601386,0.09314183469565876,0.9994047545220567,0.0043328376349180174,0.20694969457109344,0.08414885943921277,0.08328408456512601,0.02842303128738556,0.0320552884755612,0.7455302840402357,0.482397850058365,0.4547335849397925,0.00932745505039356,0.9934011545030484,0.7482506088399121,105.78476,5349.025,1044783740.0,13521432000.0,195.99565,61.56951,11.16131,8.123936,14
0.8517417558261848,0.621637522319451,0.5904373699985626,0.5255544263939533,0.915934760627109,0.1137109404285051,0.997508985558613,0.913953000876408,0.9652569604098552,0.8253393792135688,0.04382137614036945,0.16487247383451165,0.6594164499778578,0.4419179604907652,0.12771682741460322,0.020629990101707137,0.7394475973838344,0.25484245814057604,0.5500263642288912,0.8867633104053788,0.17070421112183476,0.012157266265330771,0.5812280182065918,0.9396126811700329,0.994097283791798,0.18867167039046231,0.9806177191083684,0.9973548679205657,0.1054814662852465,0.8884485168374876,0.6060978256307011,0.9613512488899199,0.8589024214201821,0.9852159219924762,0.951059579392083,0.5621965656290479,0.3670921485583839,0.9742059084317086,0.24847430294862918,0.6535378858466834,0.18373348726362695,0.7283608987914936,0.6404203190862304,0.177953161688166,0.10502528079511934,0.9987007011285903,0.0023672954555953724,0.2039985868723404,0.07590698585347014,0.08165622891487415,0.008644408923164943,0.030665954484378997,0.7179735584468113,0.4971939801261162,0.45194153596452935,0.008833400631160277,0.9998501275556219,0.7473710230713,104.49264,5334.0723,1018109400.0,13457225000.0,194.36346,61.76058,11.0796175,8.084065,15
0.8485376876168197,0.6217072798913935,0.6275532099261891,0.527643251532624,0.8309864227236992,0.09319907238206676,0.9731523113229344,0.9161962124042823,0.9648626133543362,0.6820552470875695,0.04187110840707646,0.17690540404514843,0.6273156847041154,0.4083902562304218,0.07329970911023904,0.021017854002804686,0.6776525842577018,0.24990709294314922,0.5500156905916823,0.8857702500992921,0.1649086497159728,0.01166530171544136,0.5233942349486133,0.9894977744456134,0.21628440104111107,0.1862965936748329,0.9412487679636149,0.9963979951324943,0.11710392870723849,0.9276464550793081,0.6061777113980581,0.9432049255842362,0.7750581806125462,0.9529515370744058,0.8985855755424902,0.5819934918184647,0.3735823386375939,0.9744163409324286,0.2471691310051247,0.6536932494255714,0.20152648977595883,0.7884256597848606,0.5718437972916556,0.2105949675601386,0.09312688314353852,0.9772229342594874,0.004462914173495811,0.20697776251463176,0.08414885943921277,0.08328408456512601,0.0037393022627415806,0.032984983516377846,0.7455302840402357,0.3867960259332752,0.37714965133479506,0.00932745505039356,0.9934011545030484,0.7482506088399121,102.98972,5305.96,1044498600.0,13501972000.0,193.03418,62.227486,11.150296,8.072136,16
0.7385223565548152,0.6217072798913935,0.6279400488308988,0.527643251532624,0.8270243271652765,0.09315741748682208,0.9728828321839353,0.8703926405323692,0.9955718043894226,0.921480087310445,0.04187110840707646,0.17690540404514843,0.6272141818755631,0.40501282570198416,0.07245480921737299,0.021017854002804686,0.6776525842577018,0.2502353691256531,0.5500160384135558,0.8857702500992921,0.1649086497159728,0.01166530171544136,0.5233942349486133,0.9894977744456134,0.21628440104111107,0.19131550627376556,0.9380214964377632,0.9978051973847933,0.1169056415916796,0.9295609873141127,0.5925286182783605,0.9432224529314405,0.7750581806125462,0.9527017170690898,0.8985855755424902,0.5819934918184647,0.3735823386375939,0.9744163409324286,0.24429252962360526,0.6523826692358999,0.20152648977595883,0.7851362978423441,0.5719025677896417,0.2105949675601386,0.09312688314353852,0.9772229342594874,0.004462914173495811,0.20697776251463176,0.08414885943921277,0.016056331484368545,0.0038137491401247408,0.032984983516377846,0.7455302840402357,0.4909597213060665,0.37714965133479506,0.010142721485683836,0.9934011545030484,0.7482506088399121,101.64743,5296.6323,1029974800.0,13495511000.0,190.8861,62.278748,11.105546,8.072136,17
0.8384295271378556,0.6193258286500964,0.6294516236720867,0.5892430086699105,0.8298532630496811,0.043771298130152195,0.97167625486972,0.8720507621606276,0.9653024161693176,0.8303510089565596,0.044538415539379275,0.09333412614605886,0.6261452654414583,0.40479556118940635,0.13441395437003795,0.023164077281782006,0.7452536336228841,0.25476220968706015,0.5500141119823146,0.8877532624867206,0.16081813818051421,0.011510615257635547,0.5215097679481603,0.9470145264124419,0.2428516783690609,0.1899670585353951,0.9578323413813102,0.9964042054616155,0.11023094141570311,0.9296940648793369,0.5698853156040632,0.898924165043449,0.7839464667642112,0.9529574808859321,0.8996692428155151,0.5556272348204848,0.2930822248759618,0.9648011042523922,0.22193396090596534,0.6301797044561657,0.18277397238717785,0.7897777770523201,0.575301396104648,0.22050931832263784,0.06379206763145022,0.9688640099307826,0.0008591338525128321,0.2043590211763257,0.08238003405106446,0.08309670468709485,0.01636655226940966,0.0394318103921215,0.7822958346089623,0.44656302102451945,0.45722895918465334,0.009354271497787428,0.9619174867539976,0.7389667318427681,100.73271,5308.26,1045130200.0,13311606000.0,189.35628,61.8674,11.269431,8.238287,18
0.8063923275761529,0.6079835076629101,0.6758727484246442,0.5945441500545054,0.8295566608693931,0.04546375955726116,0.9952635074936126,0.9019021637073984,0.9907275091159892,0.8482803228609013,0.07964349160994884,0.1768303806403509,0.6374421945361157,0.40889146474440013,0.1325240395118617,0.02102860317476517,0.6122918893173735,0.2551996596748191,0.5505270538464914,0.8678997233501898,0.16301506487188067,0.010468553013499811,0.525854720741811,0.9443406197479449,0.2404658933110674,0.18821550560195832,0.9743424183648218,0.9978674866565833,0.11503348854050499,0.9381816278691576,0.5536211940508106,0.7041011024907238,0.7685116384449611,0.9543131423794994,0.9116652657444492,0.5753644436228779,0.3320789385498898,0.9981893557994159,0.24413921776755837,0.6555594837186599,0.18690810224220117,0.7853591470991746,0.5763777830169499,0.21687082574717778,0.09647923203794,0.9757059045188702,0.0015583317177030281,0.20415737413614957,0.08405478562083099,0.10074898591716414,0.029213418131223332,0.008366617431143964,0.7469480200893548,0.4798871949152641,0.45235255214117903,0.008702482411643475,0.9934541328660894,0.7884953595424449,99.407295,5293.693,1034227840.0,13480019000.0,188.54143,61.67152,11.335598,8.149722,19
0.8511659882846493,0.3326839822749136,0.4691104505215848,0.5947771052263304,0.8295288357787246,0.1024634691110125,0.9950470639241922,0.871281242204505,0.9647594530024652,0.9141699111056506,0.04729556996362171,0.17319029332552172,0.6326271996525428,0.4009749399169763,0.1333047269394624,0.020977267417935673,0.5415434162137848,0.2547571213344195,0.550526162219863,0.8678997233501898,0.16301506487188067,0.011755401064928893,0.5168727069179592,0.9399089819258696,0.2404658933110674,0.1874836931340492,0.9340531098008028,0.9979096879797673,0.11531293071731749,0.9001184459306641,0.596079609960742,0.7023437366973302,0.7684407703978613,0.9535209582485298,0.9130711381098742,0.5669611092565966,0.3335336811817819,0.97568823779453,0.24437540966361818,0.6554375327088235,0.18353970989706225,0.7853632560063201,0.576357095091452,0.20944036220358309,0.09740724247940603,0.9783028196445034,0.005938804809996681,0.20466200092262732,0.07489896990627166,0.10133056463967179,0.02956805525575786,0.03856435364563098,0.7432750124853981,0.46473266213203757,0.45235255214117903,0.00870448156023399,0.9934541328660894,0.7454965974267967,98.82784,5297.7534,1030158140.0,13543921000.0,186.43034,61.500454,10.671084,8.097923,20
0.8384122461367467,0.6193258286500964,0.6294516236720867,0.5892430086699105,0.829839409966959,0.038108241412709534,0.97167625486972,0.8720507621606276,0.965170835982156,0.8303510089565596,0.044538415539379275,0.2757366782715857,0.9061381605811164,0.40479556118940635,0.13450066846968683,0.023164077281782006,0.6830340575092482,0.25476220968706015,0.5500141119823146,0.8881460588457303,0.16403888226058896,0.011510615257635547,0.5215097679481603,0.9990627781892422,0.2428516783690609,0.1899670585353951,0.9418614371585283,0.9964042054616155,0.11023094141570311,0.8999943467238496,0.5698853156040632,0.898924165043449,0.7835079156028064,0.9529647388317909,0.9038594575307332,0.5556336260317326,0.3055378003973802,0.9642557360464515,0.22193396090596534,0.6498076353707435,0.1827636357685279,0.7897777770523201,0.5728668377361661,0.20932023171893957,0.06379206763145022,0.9688640099307826,0.0008591338525128321,0.2043590211763257,0.05540854529493873,0.08309670468709485,0.01636655226940966,0.03953092921678392,0.7822958346089623,0.4444199498816548,0.451162897630885,0.009350826896151269,0.9892974413779717,0.7389667318427681,97.23707,5267.3135,988174140.0,13777049000.0,185.44272,60.714035,11.269431,8.212499,21
0.8432201267268669,0.6219199907166958,0.47431015391659426,0.5954185366258048,0.9451375936307291,0.11613852772816352,0.995779472840943,0.871233985907095,0.9654640297057536,0.8532734381785607,0.04412271539770367,0.17356332152647094,0.8660611370079225,0.46483496708812005,0.08040445538719447,0.023291542373892027,0.7565686267491848,0.2546836323945149,0.5500278898610272,0.8873244543316775,0.06391099916896018,0.011535849915820327,0.5234553821660298,0.9400452947137032,0.2387384839488917,0.18436489846578222,0.9393355780268533,0.9971376095261398,0.10805932623128835,0.9047338968644453,0.54804392667849,0.6934376555762244,0.7760068507819708,0.9406588129901313,0.9857213549919464,0.991452306669162,0.3788008708916622,0.9655561661812732,0.24450569319601023,0.657973401125453,0.18389675487307744,0.7848679455563768,0.5760496024465838,0.14248679658342162,0.07757054527891767,0.9764634846099294,0.0018288269471042687,0.20424310011062208,0.07522506197616342,0.10090509598492532,0.027401993858894226,0.03920638714298936,0.7466561284022069,0.4910570676005485,0.4527516399916306,0.01037709728821535,0.9933990286440798,0.8499684947019901,96.63708,5253.967,1024024060.0,13472411000.0,182.66194,62.982887,10.760158,8.117168,22
0.8519651624339565,0.6264570270516451,0.6463676061925767,0.5242901784077029,0.8309624665656866,0.03349515899147705,0.9961964827416085,0.9155704883135032,0.9652735101345676,0.6868602744114726,0.04187110840707646,0.603718886112537,0.6597027005351718,0.43161010483703066,0.13051677190140634,0.022713727878775285,0.7183037455245322,0.2550784945750662,0.5500384539610201,0.8621271587708035,0.139776136476254,0.011390820899234474,0.5278833476033936,0.9374747589007143,0.9889622299898468,0.18438082895841268,0.9414579706809314,0.9972029368957551,0.11706540393968103,0.8726790889128634,0.5273925907760868,0.90341228582513,0.8533905971203495,0.9531939537760975,0.9465068289922818,0.2526467420206622,0.3315082901815551,0.800776341202233,0.2196812174944596,0.6573241113531857,0.17995445362992246,0.7876911058632681,0.5757557482975532,0.2213713370187767,0.07596936598803311,0.9761615535747202,0.08932197083170165,0.20336463619824702,0.08427493966701816,0.08243964842455398,0.029076778671892314,0.0300284348806698,0.7468965825154059,0.4975407342772919,0.375047103142584,0.008953904056681486,0.9901331536637341,0.790258626194817,94.46407,5181.953,889967600.0,14647261000.0,182.56294,55.82905,11.325248,8.14322,23
0.8518000127597868,0.6258953497026843,0.6462811458941714,0.5254232258891459,0.8304871868850141,0.03352906931847616,0.9964164810241594,0.9155704883135032,0.9651511089703791,0.8758795002346913,0.04240226751789174,0.603718886112537,0.6596202519772134,0.43241029125123237,0.07252392645942077,0.02073002807295739,0.716622462968395,0.2548529632926279,0.5500388721003951,0.8616495473666458,0.15939302355042145,0.014133888955618974,0.5278833476033936,0.9996037226362822,0.9771340771436112,0.18438082895841268,0.9576935669519243,0.9971974566064612,0.11706569254504415,0.8726790889128634,0.5707114473849485,0.9036265265357877,0.7976326538051349,0.9581301267056564,0.9704820835158964,0.2526467420206622,0.3670134034571174,0.8009074685691578,0.24715558933552376,0.6573181105004406,0.1800047040409196,0.7894237145141554,0.5757479556757995,0.206560366257103,0.09242691928836261,0.9717003266779448,0.0886405137199159,0.2077100368871275,0.07417166213884464,0.08443573353446047,0.029248797256971285,0.0300284348806698,0.7470494965843483,0.43842612816996496,0.3821284899728829,0.00932279703605487,0.9899986063174184,0.7902626625011636,93.38263,5174.6147,882930560.0,14641809000.0,181.6924,56.23639,11.325248,8.117434,24
0.8518000127597868,0.625897930467876,0.6476195020775855,0.5254232258891459,0.8301173598813297,0.033158535974995504,0.9964164810241594,0.9155704883135032,0.9638508733218676,0.8758795002346913,0.04240226751789174,0.603718886112537,0.6596202519772134,0.43241029125123237,0.0730663327470882,0.02073002807295739,0.7118911623658857,0.2548529632926279,0.5500165845662872,0.8616495473666458,0.15939302355042145,0.011921910173409433,0.5265642128834528,0.9996037226362822,0.9780489216936417,0.18438082895841268,0.9576935669519243,0.9971974566064612,0.11725975563780257,0.8726790889128634,0.5707290324574937,0.9036265265357877,0.7976326538051349,0.9581301267056564,0.9705240041237874,0.2526467420206622,0.3670134034571174,0.9730782910610484,0.2471583109558534,0.6573181105004406,0.1800047040409196,0.788521458577376,0.5757479556757995,0.206560366257103,0.09194519614560993,0.9717003266779448,0.0886405137199159,0.20771336895843145,0.08462672297579454,0.09537249318504129,0.029315483363243737,0.029922739250646563,0.7471750744474756,0.43842612816996496,0.3795401865894384,0.00932279703605487,0.9899986063174184,0.7868183605347725,92.304825,5167.983,882930560.0,14641809000.0,180.40369,57.14385,11.325248,8.117434,25
0.8516917750882603,0.6261186694137889,0.4598289619117291,0.52183364395106,0.8327444416459733,0.11610115731864205,0.9725956292367159,0.8732587759300103,0.9636865580016265,0.8372300779949281,0.04358574429579037,0.6032269943154162,0.6596531103166869,0.41269433363913977,0.1305525630587629,0.0029181672183450757,0.7581510343211265,0.25513503141752397,0.5500473037729124,0.8870755717478414,0.15833704273365237,0.011765426572980837,0.5261326328281095,0.9398869411042537,0.9893142550583854,0.18453057696592273,0.9424897467963397,0.9962092986858674,0.11556698117449439,0.8651848008165741,0.5927291118435928,0.9032449925446868,0.8780387986645839,0.9547455020152177,0.9732770280282579,0.5773654406435651,0.3672304150564491,0.982132616589291,0.23314943824521012,0.6570680165830386,0.17145063049693626,0.7906007294156794,0.6144378320685036,0.21689445513488317,0.07636130530961278,0.9998179027153078,0.001697396222593015,0.20443534768933416,0.07510971425911589,0.08474089912096112,0.028512299534507065,0.03924329091201875,0.7394507999550216,0.4912622637229642,0.46314002155361633,0.0077125994421683355,0.8945163816079902,0.6949886083804098,90.491,5149.8623,876763500.0,14588698000.0,179.10913,57.48407,10.728818,8.195019,26
0.8295617420637961,0.6261186694137889,0.4598289619117291,0.52183364395106,0.8327444416459733,0.10911451513080637,0.9956698310784664,0.8732587759300103,0.9636865580016265,0.9302786375701122,0.04511584088454408,0.6032269943154162,0.6596531103166869,0.41269433363913977,0.1305525630587629,0.0027530498038614674,0.7581510343211265,0.25513503141752397,0.5500473037729124,0.8866574229102118,0.15833704273365237,0.0015687784990580265,0.5267103201960102,0.9400519838488154,0.9889501724926555,0.18453057696592273,0.9797258114992492,0.9977648604636553,0.11556698117449439,0.8651848008165741,0.5927646211215436,0.9032379435419181,0.8780387986645839,0.9547035436357549,0.9822638350134603,0.5773654406435651,0.3672304150564491,0.9969868230989567,0.23287287194469217,0.6570701204493425,0.17145063049693626,0.7754475305733662,0.6053634151243156,0.2167982942515199,0.07636130530961278,0.9998179027153078,0.001697396222593015,0.20443534768933416,0.07436625120179464,0.08474089912096112,0.028512299534507065,0.03924329091201875,0.7394507999550216,0.49093248101279996,0.4632469871797398,0.0077125994421683355,0.9940541712074293,0.6949886083804098,90.072945,5146.846,879678900.0,14626928000.0,178.07672,57.73255,10.728818,8.195019,27
0.8518531118568998,0.39933721731835564,0.6465794487787201,0.5242901784077029,0.8309624665656866,0.0352995482226895,0.9754796943430452,0.916049592397806,0.9652735101345676,0.6754079579000476,0.047338973249973826,0.6036668830695928,0.6640037856737984,0.43241494514425827,0.1280441931274976,0.0370673834408276,0.7183037455245322,0.25510413230748535,0.5500389220853023,0.8863791531762976,0.11705261702112721,0.0021932476189302132,0.5287355473542763,0.9348241730908275,0.9893867482532801,0.18700297177073683,0.9379907265242124,0.9972029368957551,0.117200291320713,0.8720740693058746,0.5891045674878104,0.9124243104197588,0.7976326538051349,0.9536636322282679,0.9061070950148183,0.988341150727712,0.3293544849041206,0.9665704318530718,0.23364483757009255,0.651745281825659,0.18002841598049057,0.7848331660601043,0.5757362205578879,0.2213713370187767,0.07596936598803311,0.9992478618034769,0.09115091405618617,0.2074560948402426,0.07417882680257575,0.10173469298892805,0.010036838753378453,0.026621206135901004,0.7468965825154059,0.4976238190212099,0.4663557149540739,0.00896802724115664,0.9901331536637341,0.7965490157000517,88.87592,5142.803,889934900.0,14638723000.0,176.39163,58.646225,11.351907,8.14322,28
0.8295617420637961,0.6253757940620958,0.6457808573643995,0.52183364395106,0.8327444416459733,0.10689083879205477,0.9959890923196322,0.873236862428307,0.963843886564222,0.8786062292834206,0.04511584088454408,0.6032269943154162,0.6628339557875569,0.4128349385873462,0.07425567066826182,0.019386219066929826,0.7119077954451489,0.2551418766066664,0.5500473037729124,0.8641212611938126,0.16313965023514196,0.011953847335879328,0.5265401100595363,0.9931565098757049,0.9889501724926555,0.1845338896061175,0.9798628067016009,0.9970623452197858,0.11743455957214786,0.867784783479698,0.5927646211215436,0.9032379435419181,0.7947132597344677,0.9517988982965697,0.9708937645758756,0.9729078756183368,0.32825885986460296,0.9969868230989567,0.2327678371115336,0.6570701204493425,0.17145063049693626,0.7749251320426879,0.5757120780025001,0.20858626522223836,0.06836992831499605,0.9998179027153078,0.001697396222593015,0.204434820171128,0.08463419551776763,0.09537679925148393,0.029412186423258997,0.03921944312676661,0.7471849046193612,0.49093248101279996,0.3802336896392613,0.00932278607000265,0.9940771989588686,0.6998532702184656,87.660286,5122.5757,882106430.0,14623382000.0,175.34184,58.778847,11.182593,8.16923,29
0.8295617420637961,0.6253757940620958,0.6457808573643995,0.52183364395106,0.8327444416459733,0.10689083879205477,0.9959890923196322,0.873236862428307,0.9639475574002917,0.9302786375701122,0.04511584088454408,0.6032269943154162,0.6628339557875569,0.41269433363913977,0.1305525630587629,0.0027530498038614674,0.7581510343211265,0.2551353561984385,0.5500473037729124,0.8641212611938126,0.16313965023514196,0.0015687784990580265,0.5268666461518164,0.9384376826531243,0.9889501724926555,0.18453057696592273,0.9798628067016009,0.9970623452197858,0.1142645044239933,0.8678235842217155,0.5927646211215436,0.9032379435419181,0.868841780100363,0.95206019865089,0.9822638350134603,0.9729078756183368,0.32825885986460296,0.9969868230989567,0.2327678371115336,0.6570701204493425,0.17145063049693626,0.7754475305733662,0.57805657458625,0.20858626522223836,0.06836992831499605,0.9998179027153078,0.001697396222593015,0.204434820171128,0.07445064020695044,0.08474089912096112,0.028512299534507065,0.03921944312676661,0.7394864441266007,0.49093248101279996,0.4632469871797398,0.009325583282511967,0.9940771989588686,0.6949886083804098,87.24223,5126.3647,878509500.0,14626051000.0,173.78374,58.621094,11.308911,8.195019,30
0.8556605473071927,0.3306365709364698,0.6383635255979153,0.5839580158125235,0.8310195255312017,0.041494385368084814,0.9737020346229022,0.8711201298987091,0.9648569260874805,0.8281425145859816,0.08036049697008331,0.6035517795367051,0.6451501999679238,0.46197423734800497,0.1313734349654908,0.02276977040940223,0.5695766513208026,0.25507283164849925,0.5504205693845675,0.8618707053522255,0.1629591259754497,0.011385215561111963,0.527462246981167,0.938678318452131,0.988957293734763,0.187082609360862,0.942045298932009,0.997134998474772,0.1268517697559682,0.8885838376907935,0.5383432521927883,0.9207640941020229,0.8657480881810301,0.9547492990324131,0.9473686854067065,0.9853635522376808,0.33195145094776124,0.8000600827880959,0.2210533500126832,0.6572955437339063,0.18260267902677593,0.7902669160582645,0.6581405545014819,0.1781503882013998,0.07778399179859598,0.9986997251932316,0.08983625920227661,0.2033361951638464,0.08394133529833453,0.08401826698108063,0.032153338830090986,0.04021542827281553,0.7504337931675508,0.5074520090974951,0.45663857523383705,0.00931254030063697,0.9938352150742628,0.7444541344483124,85.88454,5138.263,884830600.0,14601287000.0,171.0115,57.46153,11.285873,8.173374,31
0.8556605473071927,0.3306365709364698,0.6383635255979153,0.5839580158125235,0.828656742394235,0.041494385368084814,0.9739611446018481,0.8711201298987091,0.9958005192595027,0.8400659610690563,0.08036049697008331,0.6035523235926306,0.6451501999679238,0.46197423734800497,0.13136730474302133,0.023535665341077275,0.5732480306638326,0.25507283164849925,0.5504205693845675,0.8877299729793612,0.1629591259754497,0.01208647435764554,0.5139165579107068,0.938678318452131,0.9892153221659687,0.1871592308254517,0.9537196158736706,0.997134998474772,0.1268517697559682,0.8885838376907935,0.5383432521927883,0.9525970702479064,0.8654285218774858,0.9547022400785793,0.9473686854067065,0.9853635522376808,0.33195145094776124,0.9757467088198394,0.2210533500126832,0.6570330437430351,0.18260267902677593,0.7902669160582645,0.6469243028426471,0.17583938115963624,0.07778399179859598,0.9991116759894683,0.008838732472501583,0.2030863964845853,0.08394133529833453,0.08401826698108063,0.03213877669109115,0.03991805650473223,0.718062398211515,0.5074520090974951,0.45663857523383705,0.009299056674234887,0.9938352150742628,0.7444541344483124,84.80673,5125.452,883985540.0,14617958000.0,170.46127,58.372025,11.264868,8.084065,32
0.8289829571619234,0.3411138388866432,0.6369653497654236,0.5951676079372619,0.937009643445723,0.10916728725495624,0.9961361808988054,0.8733891292567454,0.9653736680978007,0.929985483746032,0.08023953600613755,0.6035523235926306,0.6448162913848186,0.4332847909314044,0.1322160676440505,0.021046851710777435,0.7164772514872386,0.2556622216401889,0.5500334811986395,0.8867122917823759,0.16454084986713244,0.0016219908504357932,0.5266960204191424,0.9375139396931326,0.9889587831863572,0.1870927101663364,0.9801339303753842,0.9978223084880637,0.10865286632062424,0.8727794296454195,0.5931783472276181,0.9039525773479077,0.8766256550634317,0.953126111418333,0.9817764929183913,0.988731542506337,0.3323444201676364,0.9974738871536664,0.24408530954551758,0.6517527662675558,0.17378693445092702,0.7762201877876556,0.605225636633598,0.1756042146427218,0.0476567239702944,0.9758405340860471,0.005672257177568842,0.20747432586398487,0.1024743212082419,0.10532788683002124,0.010873851742679921,0.02652830483062411,0.7180231864200641,0.4975721814228773,0.45811948681965314,0.010151320074428358,0.9920553571144617,0.7462886835073114,83.872795,5103.813,878445440.0,14608647000.0,168.27937,58.83932,11.142577,8.135863,33
0.7405036329685761,0.331325347585821,0.6383635255979153,0.5839580158125235,0.9388843723612885,0.10528910805936985,0.997452443748387,0.8711201298987091,0.9958005192595027,0.839913159691538,0.08036049697008331,0.6035523235926306,0.6449268524412518,0.4625973602910888,0.13136730474302133,0.007281603730168798,0.5732480306638326,0.25507283164849925,0.5504205693845675,0.866957733526454,0.16296070764959333,0.012067213907264744,0.5139165579107068,0.9037732253297827,0.9893341828917389,0.18709287513180728,0.9817001864390099,0.9977884661088855,0.1268517697559682,0.8211703818506865,0.5925786843979893,0.9525970702479064,0.8659698979619199,0.9547022400785793,0.9473686854067065,0.9853635522376808,0.33196006866758593,0.9763182560374637,0.24490832407797017,0.6569947284990146,0.18282051594541024,0.7902669160582645,0.6345698977454336,0.20986183110275988,0.2944750164015137,0.9991116759894683,0.008838732472501583,0.2030863964845853,0.07457152828262753,0.02489466290407133,0.03213877669109115,0.024800234200592398,0.7517007506504256,0.5074520090974951,0.45670405607006354,0.010139104349603335,0.993830554628949,0.7444541344483124,83.74824,5098.4937,883699650.0,14589375000.0,166.17233,58.649265,11.303583,8.173374,34
0.8025533772184703,0.6342160283155533,0.6385298520560093,0.5883850032089472,0.9383256495593193,0.10907074947577725,0.9961864233321401,0.8740481103792005,0.9636785647289412,0.8353647812436757,0.07897241749418903,0.670928454867906,0.6458770979849073,0.47233723106455994,0.13117501835924722,0.00023009899168545053,0.7396805511796172,0.255440559927383,0.5504174458395024,0.8865679082548393,0.16404421346411704,0.012913162476115302,0.516164305389284,0.9376187635300457,0.995329547693981,0.18708206752424164,0.980140591715729,0.9965269222641451,0.1082106348287498,0.9723156732347981,0.5611236370063788,0.8887205380582681,0.8646689014641978,0.9752938030140348,0.9859538613736463,0.9919815047317344,0.36652088091127766,0.9959333845465482,0.24773072800350174,0.6508283835810885,0.183992135316759,0.7906007294156794,0.6032182526359163,0.21551017744368794,0.07635744291942839,0.9992418869491617,0.0008508223146252575,0.20402768599356472,0.016423646793251506,0.10401652725849891,0.03253062541530665,0.023147144545288025,0.7167244880626948,0.4975054581587581,0.4581058547732102,0.007726808630777442,0.998648613102096,0.7416418276089469,83.23404,5099.2363,850369200.0,14669451000.0,165.27477,57.78225,11.242236,8.135863,35
0.8025533772184703,0.6437055355197236,0.6385298520560093,0.5839646099017347,0.9383256495593193,0.10907074947577725,0.9961864233321401,0.8740481103792005,0.9637044066048345,0.9269209013528805,0.07905393976506839,0.670928454867906,0.6603719217940418,0.4075825549514373,0.13202182254374192,0.00042602295355515744,0.7396805511796172,0.25529682317584024,0.550001287507335,0.8865679082548393,0.16404421346411704,0.012924052401410223,0.516164305389284,0.9376187635300457,0.9896500432023955,0.19270618426967162,0.9792097777927677,0.9965269222641451,0.1082106348287498,0.9723156732347981,0.5608958924159007,0.8887205380582681,0.8646689014641978,0.9534586995376803,0.9841490956499239,0.9919815047317344,0.36652088091127766,0.9959333845465482,0.2480795270228866,0.6514741946397083,0.183992135316759,0.7906007294156794,0.6032546362784573,0.21551017744368794,0.07704458239800634,0.97731160342526,0.0008508223146252575,0.20402768599356472,0.016423646793251506,0.1038045730759659,0.009363013110377794,0.016016270062725286,0.7167244880626948,0.46036274399089927,0.4581058547732102,0.007726808630777442,0.998648613102096,0.7416418276089469,82.81599,5095.2974,853494700.0,14673345000.0,162.60359,57.98642,11.242236,8.135863,36
0.7408467057382614,0.3300280819277145,0.6385080805248832,0.5839443379446627,0.9209662738700011,0.11534347971355773,0.9762501991772236,0.8710195769833095,0.9638238776105897,0.9295550335644013,0.04734129576716938,0.6947276306184256,0.660323680477803,0.4078661499071849,0.1377808848142712,0.006755724590329391,0.6884064793779424,0.2554702784505597,0.5500471452887813,0.8868117582561029,0.16296943075380063,0.012077323636460727,0.5287815932235823,0.9347260968367241,0.9898097778174659,0.18708239892320802,0.9453558599722556,0.9971537075244237,0.12541940751836347,0.9599775236420436,0.5687852748950069,0.9117779988213368,0.8789012943270257,0.9536604514746898,0.9059696781653009,0.9885975364063248,0.33100065998952183,0.9746348518789479,0.24803299080369362,0.6514748147413438,0.18258975338656636,0.7848578783825024,0.5760545490069652,0.21453244033828528,0.26727753726377196,0.978484935538338,0.005742890825878567,0.20900162623076934,0.07517966344302825,0.10384010546555601,0.016815647264395515,0.017487436336944173,0.7487105425994268,0.4991490264662025,0.4565388783498788,0.008419239346293373,0.9936902328562124,0.7444639717777175,82.046455,5106.8438,840377660.0,14828487000.0,161.44882,57.050217,11.289901,8.173374,37
0.827989521639022,0.3300280819277145,0.6369297801983506,0.5840207205946241,0.9285503170358028,0.10985436605581772,0.995966805048529,0.898264687421705,0.9626723185923267,0.9295550335644013,0.04734129576716938,0.6961300798407776,0.660323680477803,0.4078740119897047,0.13202808999162483,0.006755724590329391,0.6829970065751174,0.2552837753673741,0.5500140558906582,0.8868039017700703,0.16315304764592067,0.012037856129398866,0.5266057513077731,0.9347416827992558,0.9898483283351514,0.38120042005023497,0.9457156404298082,0.9978216753808579,0.12533924161550167,0.872203262672407,0.5686878771687044,0.911420555711794,0.876543765728006,0.953593395970737,0.9060078522509415,0.9885978176720361,0.3310194703151698,0.9640747719188475,0.24807840069776924,0.65147326762129,0.18249101468065976,0.784804085330335,0.5760545460471652,0.20825683062708122,0.266823553190524,0.978484935538338,0.005710632687793817,0.20899494747238695,0.07517966344302825,0.10380085482001529,0.010021022388419055,0.016429617380643385,0.7475523242714165,0.4406084064539729,0.45652276985682466,0.009347244221140645,0.9938312573487144,0.7445755198060507,81.95138,5103.3745,847625400.0,14822434000.0,158.46239,57.025517,11.271955,8.14322,38
0.8444757804399924,0.3962692496274844,0.6442434138092951,0.588505397196873,0.9077976921650562,0.10965033974620944,0.9972683440816054,0.872502060764502,0.9955300335570765,0.9222378841773394,0.04714597423351194,0.854858708401972,0.6340905849567269,0.40497653911130327,0.1322385813516318,0.006792384156403124,0.6004011193177492,0.25542957619635964,0.5500200462476628,0.8863085438801908,0.16313226589914373,0.012067898133211841,0.5003660733878443,0.9390818216536401,0.9944782887312792,0.18676064482336935,0.9813701516469855,0.9978100936480965,0.1149656962532158,0.8725401583029347,0.5921319213457821,0.9020624083282461,0.8813581845198212,0.9526977218710704,0.907224539355398,0.9883815510082177,0.33235461327446064,0.9656885836251352,0.24434597471950223,0.6523493529841279,0.1735746577176596,0.7853282146440858,0.575381353996217,0.209688959303128,0.2730943964208845,0.9959700146167453,0.004163279353568432,0.20916037085372174,0.07492282732495009,0.01568633355416263,0.01611787996572421,0.026524348368641006,0.7460778711040948,0.49077812918348607,0.45617304893009647,0.010863405329071669,0.9934301219467928,0.7431061211468006,81.599785,5093.934,793016260.0,15122126000.0,153.86478,54.738457,11.33557,8.14322,39
0.8444757804399924,0.3962692496274844,0.6442434138092951,0.588505397196873,0.9372322896749714,0.10965033974620944,0.9972683440816054,0.8710539525520181,0.9955300335570765,0.9222378841773394,0.04714597423351194,0.854858708401972,0.6340905849567269,0.40497653911130327,0.1322385813516318,0.006792384156403124,0.6004011193177492,0.25542957619635964,0.5500200462476628,0.8863085438801908,0.16313226589914373,0.012067898133211841,0.5003660733878443,0.9390818216536401,0.9944782887312792,0.18676064482336935,0.9813701516469855,0.9978100936480965,0.1149656962532158,0.8725401583029347,0.5921319213457821,0.9020624083282461,0.8813581845198212,0.9526977218710704,0.907224539355398,0.9883815510082177,0.33235461327446064,0.9656885836251352,0.24434597471950223,0.6523493529841279,0.1735746577176596,0.7853282146440858,0.575381353996217,0.209688959303128,0.2730943964208845,0.9959700146167453,0.004163279353568432,0.20916037085372174,0.07492282732495009,0.01568633355416263,0.01611787996572421,0.026524348368641006,0.7460778711040948,0.49077812918348607,0.45617304893009647,0.010863405329071669,0.9934301219467928,0.7431061211468006,81.599785,5093.934,793016260.0,15115316000.0,153.86478,54.692856,11.355934,8.14322,40
0.737831249814661,0.3973150906892559,0.6440996278986582,0.5889463156413006,0.9370084120578548,0.10912135613716173,0.9972683440816054,0.8710603292363649,0.9955300335570765,0.9201943246127647,0.04714597423351194,0.8736568421953191,0.6324935129124197,0.40497653911130327,0.13213277172159246,0.006792384156403124,0.6095207452415159,0.25565003733111336,0.5500206055275162,0.8648542248396702,0.16303799609920192,0.012067898133211841,0.5264303769849894,0.9390818216536401,0.989345499441555,0.18709285610230894,0.9813701516469855,0.9978100936480965,0.11496584898835664,0.8725401583029347,0.5921319213457821,0.9038995391462052,0.8813581845198212,0.9526955690278969,0.9058979899983675,0.9883815510082177,0.33235461327446064,0.9657276023146633,0.2443776663172248,0.6523902285798828,0.17358559677724353,0.7853282146440858,0.5760563209527503,0.20955694830984523,0.2730943964208845,0.9960104957113868,0.004150020607472417,0.20916037085372174,0.07492282732495009,0.018095056069432604,0.01611787996572421,0.02523071097333158,0.7460778711040948,0.49098170649969874,0.4567016976516903,0.010168111002201365,0.9934306067262901,0.7431061211468006,81.228645,5086.6367,788668860.0,15177818000.0,150.27072,54.717556,11.321119,8.14322,41
0.8582157772250665,0.6174627293741538,0.6362954076051699,0.8969033611379593,0.8184205871817719,0.13062054182950816,0.9961957727836027,0.8710472884373069,0.965697440908066,0.9277384011659913,0.07415544326448685,0.703981374790994,0.8688158527268395,0.5002658353007012,0.13905947876903815,0.001498858698170135,0.6004362063545912,0.2554741925590029,0.5500487249099967,0.8642561597918671,0.13755846808052577,0.011750890371547053,0.500554485600884,0.9898719733136477,0.9893871302507262,0.1844508196819736,0.9373447614029587,0.9970341505245811,0.09718206170517445,0.8726471608236532,0.5285598913413209,0.9470223712601327,0.8823802439486292,0.974969984109112,0.9069790760397651,0.9658513688911923,0.36709590189826563,0.9563989095373777,0.2468017653872869,0.657909152869549,0.17991994088490199,0.7329078241960127,0.5619745939019045,0.18354023550350163,0.08851092337735998,0.9925006195908334,0.004391115085043453,0.20686794728391725,0.08244483322802054,0.10104465266071172,0.01595529975349793,0.007666089488670933,0.7461058992583621,0.48676308320200123,0.37532874855760756,0.0006914153757941362,0.9934419979822375,0.7940343708089849,80.62661,5052.891,827431000.0,14780673000.0,148.09851,56.521984,11.242878,8.117434,42
0.8582723423913575,0.36714926853058283,0.6362954076051699,0.8969033611379593,0.9307008045249231,0.1299424623065062,0.9964975865706702,0.8710472884373069,0.9994441341257231,0.9277384011659913,0.07415544326448685,0.703981374790994,0.8703489220953565,0.40919651635006715,0.1389856397413115,0.001498858698170135,0.6004362063545912,0.25548987629791375,0.5504138783029149,0.8867274607827761,0.16307943903051736,0.011750890371547053,0.5008794259430936,0.9898653843241565,0.989261167958662,0.18716886238766783,0.9373447614029587,0.9970341505245811,0.09718206170517445,0.9042657597221857,0.5707659286733081,0.9502494870297821,0.8823802439486292,0.974969984109112,0.9072305397280855,0.9886274506133194,0.33486933988115875,0.963920207881684,0.2468017653872869,0.6579333332818792,0.18725019800411305,0.775866489790769,0.5619745939019045,0.18996807685499134,0.08851092337735998,0.9925006195908334,0.004391115085043453,0.20686794728391725,0.08211829968943428,0.10104465266071172,0.01598071628940096,0.00826873755466608,0.746101544899163,0.48676308320200123,0.3853424522340652,0.0006914153757941362,0.9934419979822375,0.7940343708089849,80.218895,5044.245,827431000.0,14806201000.0,147.62862,56.50861,11.289901,8.117434,43
0.8527064356266875,0.36692654531237817,0.6369295850060998,0.897295690449728,0.9307317711167409,0.12991758719647095,0.9961261471910539,0.8710685102481753,0.995854055448002,0.9213487470614145,0.07398947540262149,0.7017918102578095,0.8569113118630205,0.41050668437248067,0.15526893116078333,0.021064192934614517,0.5938304355020912,0.25814464920000973,0.550429076767206,0.8865039416206505,0.16314014327804668,0.012071830498770754,0.45856946449574887,0.9355477277604143,0.9892602412866259,0.3785605099445041,0.951791766841029,0.9971349418495454,0.12934017129508918,0.9045384261039002,0.5362576856513385,0.9632757325477712,0.7672102995840763,0.975990697578214,0.9071272084552303,0.9887279915225422,0.33484871293708574,0.965965248683609,0.2490422756203551,0.6504574471307548,0.1871942450691064,0.7911895602488681,0.5761599057274769,0.20952615333724967,0.08824047037201478,0.9782735658869508,0.005712254985566671,0.2092410244846017,0.08208330406334396,0.10104235513054968,0.01589082634977343,0.025153044060145166,0.7461023181704795,0.4863245350774921,0.456233909300755,0.008303577337210271,0.9934433016833977,0.7938681152139553,80.12382,5040.168,827076030.0,14801399000.0,144.12044,56.540257,11.145637,8.097923,44
0.7476015130844158,0.3405027161366432,0.6439368067062397,0.9051997658470181,0.9419642734604762,0.12955537949716556,0.9965287961909973,0.8732949246488328,0.9958776526436448,0.9211180255120771,0.046115685702508014,0.6940556048483835,0.6621094225761521,0.40617029857419046,0.1557024306154142,0.02106683157547138,0.6963502354954713,0.2550609144964986,0.5500473782217271,0.8865039416206505,0.16313492955996836,0.012071540669152893,0.4600855863803177,0.934277213312755,0.9892662239379846,0.34653555136275044,0.951573529556044,0.9971348560132862,0.12820250467027655,0.9056066087433374,0.5324274103809225,0.9020210138450266,0.766690982711305,0.9520423378682211,0.9070472261245907,0.9852504311878577,0.3364807695273056,0.9750470155236863,0.24911892807092045,0.6584896230275744,0.18249414439249723,0.784773948643917,0.5261099532176549,0.21467385982842696,0.26110968195179135,0.9782792234523534,0.005744822002419601,0.20924688074462464,0.07529573720111697,0.10133917744655445,0.005770958557296235,0.04030681124430978,0.7463875622687539,0.3162490531202142,0.4561986075729074,0.00930465489251191,0.9936873746168459,0.7444624919168725,79.43531,5040.875,840612350.0,14808163000.0,141.76456,57.07184,11.163583,8.097923,45
0.840802018082833,0.6166451819482576,0.6437162808372938,0.9051859300517711,0.9419671192786631,0.12936883986409928,0.9959852595204903,0.8720568823076071,0.9982655970137911,0.9198889920701048,0.046096118968158524,0.8490802518927332,0.662882787483025,0.4062113285478334,0.13096548717306486,0.02286086391608167,0.5739161785053252,0.255005138107252,0.5500474508913249,0.8636465071353134,0.16313494648639487,0.011472082249731785,0.4683492431020375,0.9384018330119056,0.9893031851123562,0.18716117743213895,0.9430277889558155,0.9971116597637621,0.1142593469072947,0.8677756961975225,0.5277972105207275,0.9225650665648292,0.7678491371848655,0.9520523502846139,0.9716996113528545,0.9728619570495028,0.3283062496697046,0.9939059969334124,0.24440090575487752,0.6580966434626139,0.18610651575843642,0.7848104810361848,0.5767577260485154,0.20849013985313228,0.2692667926260447,0.9993439462145236,0.01123180570359005,0.20923833438838482,0.07073149808346392,0.1010146082327552,0.007358760611699969,0.03993074791789549,0.7301019095990039,0.33323230954502087,0.4561978554414857,0.009335970923784596,0.9919170027151261,0.7437259755805129,79.09753,5042.6416,784028350.0,15069576000.0,137.17696,54.858555,11.136924,8.149722,46
0.8582723423913575,0.33086343657790934,0.6362954076051699,0.9231193777950515,0.9284599521466592,0.12763144477412447,0.9964975865706702,0.8710472884373069,0.9994441341257231,0.9278052751533249,0.045860800081947435,0.8781616564339088,0.648800543773307,0.40919935362771526,0.1389856397413115,0.001498858698170135,0.6004362063545912,0.25548987629791375,0.5500319856668958,0.8867274607827761,0.16307943903051736,0.011752055046939663,0.5008794259430936,0.9898653843241565,0.989261167958662,0.18716886238766783,0.9373447614029587,0.9970341505245811,0.09448045181913861,0.9042672237757374,0.5707659286733081,0.9502494870297821,0.8823802439486292,0.9530686800847049,0.9072305397280855,0.9853095039511768,0.3310552868539165,0.963920207881684,0.2468017653872869,0.6579333332818792,0.18255009732750385,0.7756407570570445,0.5618719617710994,0.18996807685499134,0.26111390425822745,0.9925062748955249,0.004391115085043453,0.20686794728391725,0.07523213276879123,0.11385136319271452,0.0057985425981457546,0.00826873755466608,0.7464323101919527,0.4867550979243191,0.3853424522340652,0.0006914153757941362,0.9934419979822375,0.7446346346312938,78.98443,5035.344,775817400.0,15196147000.0,133.50298,54.563877,11.255086,8.133341,47
0.8527064356266875,0.3306407133597047,0.6369295850060998,0.905543342020593,0.928490918738477,0.12760656966408923,0.9961261471910539,0.8710685102481753,0.995854055448002,0.921415621048748,0.045694832220037125,0.8759720953246268,0.6353629556771848,0.4105095216501287,0.15526893116078333,0.021064192934614517,0.5938304355020912,0.25814464920000973,0.5500471841311869,0.8865039416206505,0.16314014327804668,0.012072995174163366,0.45856946449574887,0.9355477277604143,0.9892602412866259,0.3454623204118257,0.951791766841029,0.9971349418495454,0.12663856140905322,0.9045398901574518,0.5362576856513385,0.9632757325477712,0.7672102995840763,0.9540893935627821,0.9071272084552303,0.9854100448603997,0.29181576622200367,0.965965248683609,0.2490422756203551,0.6504574471307548,0.18249414439249723,0.7909638275151436,0.5760572735966717,0.20952615333724967,0.26084341463603755,0.9782792234523534,0.005712254985566671,0.2092410244846017,0.07519713714270092,0.10133812661091456,0.005708651648373186,0.03623443982538764,0.7464330834632691,0.48631654979981004,0.456233909300755,0.008303577337210271,0.9934433016833977,0.7444683790362642,78.6175,5031.267,775202300.0,15199841000.0,130.58647,54.608467,11.128768,8.097923,48
0.8527064356266875,0.3306407133597047,0.6369295850060998,0.905543342020593,0.928490918738477,0.12760656966408923,0.9961261471910539,0.8710685102481753,0.995854055448002,0.921415621048748,0.045694832220037125,0.8759720953246268,0.6353629556771848,0.4105095216501287,0.15526893116078333,0.021064192934614517,0.5938304355020912,0.25814464920000973,0.5500471841311869,0.8865039416206505,0.16314014327804668,0.012072995174163366,0.45856946449574887,0.9355477277604143,0.9892602412866259,0.3785605099445041,0.951791766841029,0.9971349418495454,0.12663856140905322,0.9045398901574518,0.5362576856513385,0.9632757325477712,0.7672102995840763,0.9540893935627821,0.9071272084552303,0.9854100448603997,0.3310346599098435,0.965965248683609,0.2490422756203551,0.6504574471307548,0.18249414439249723,0.7909638275151436,0.5760572735966717,0.20952615333724967,0.26084341463603755,0.9782792234523534,0.005712254985566671,0.2092410244846017,0.07519713714270092,0.10133812661091456,0.005708651648373186,0.025153044060145166,0.7464330834632691,0.48631654979981004,0.456233909300755,0.008303577337210271,0.9934433016833977,0.7444683790362642,78.6175,5031.267,775202300.0,15199841000.0,130.58647,54.608467,11.110822,8.097923,49
